Index;BirthDate
1;09/04/1959
2;01/02/1994
3;05/08/1993
4;07/01/1962
5;09/09/1984
6;06/09/1999
7;14/07/1962
8;01/12/1965
9;07/07/1968
10;03/12/1997
11;11/06/1969
12;14/01/1989
13;03/08/1962
14;06/08/1953
15;10/11/1958
16;11/11/1982
17;09/07/1967
18;02/01/1974
19;10/03/1957
20;03/12/1968
21;07/02/1993
22;06/01/1957
23;15/08/1981
24;15/06/1967
25;04/07/1993
26;09/01/1983
27;10/05/1977
28;05/02/1978
29;08/01/1975
30;06/10/1993
31;02/11/1979
32;06/06/1989
33;05/09/1990
34;15/04/1969
35;09/08/1990
36;01/12/1984
37;15/07/1985
38;06/09/1987
39;05/06/1983
40;11/01/1996
41;01/12/1975
42;12/03/1988
43;10/12/1960
44;13/03/1992
45;06/06/1974
46;05/10/1997
47;02/06/2006
48;10/10/1960
49;01/06/2001
50;09/10/1987
51;02/06/2006
52;10/02/1984
53;04/07/1957
54;10/03/1965
55;15/12/1979
56;05/02/1979
57;06/08/1971
58;11/02/1955
59;12/06/2002
60;05/08/1975
61;15/03/1957
62;04/08/1965
63;13/02/1962
64;08/01/1982
65;03/09/1976
66;07/08/1968
67;10/10/1982
68;12/10/1984
69;08/01/1987
70;02/05/1999
71;06/12/1959
72;06/01/1994
73;13/03/1968
74;04/09/1978
75;12/05/1979
76;06/10/1969
77;11/12/1974
78;05/11/1972
79;11/10/1957
80;10/04/1995
81;06/05/1980
82;11/02/1995
83;08/06/2000
84;13/11/1997
85;14/09/1965
86;11/08/1955
87;01/06/1994
88;03/09/1977
89;03/02/1976
90;07/05/1991
91;11/10/1959
92;08/04/1983
93;15/11/1969
94;10/11/1979
95;13/10/1966
96;15/10/2005
97;07/12/1969
98;10/01/1984
99;03/09/1998
100;04/12/1959
101;02/06/1968
102;11/09/1962
103;13/07/1963
104;05/07/1988
105;14/11/1972
106;03/08/2000
107;10/11/1975
108;08/08/1960
109;13/02/1984
110;09/12/1969
111;11/09/1985
112;10/07/1998
113;06/08/1960
114;08/07/1965
115;03/12/1981
116;07/05/1977
117;09/06/1996
118;08/03/1953
119;04/08/1976
120;12/07/1966
121;07/07/1991
122;05/09/1962
123;10/09/1982
124;05/05/1986
125;04/07/1979
126;02/12/1993
127;07/04/2000
128;15/02/1954
129;03/07/1989
130;10/02/1980
131;07/04/1976
132;07/11/1995
133;09/03/1964
134;01/12/1972
135;03/02/1968
136;03/12/1955
137;01/05/1979
138;09/07/1988
139;02/02/1959
140;14/09/1994
141;08/05/1982
142;02/06/1979
143;09/12/1966
144;07/01/1996
145;04/04/1960
146;06/03/1953
147;05/03/1986
148;05/10/1974
149;08/12/1990
150;03/03/1985
151;15/11/1977
152;12/04/1981
153;15/11/1984
154;11/05/1974
155;04/08/1978
156;06/05/1976
157;09/09/2006
158;09/02/1981
159;11/06/2003
160;01/07/1978
161;12/11/1997
162;08/05/1975
163;08/08/1999
164;03/11/1990
165;14/10/1984
166;09/10/1970
167;09/01/1975
168;10/01/1968
169;14/06/1997
170;07/06/1962
171;01/10/1988
172;11/03/1960
173;09/12/1984
174;05/07/2001
175;14/10/1975
176;01/04/1980
177;12/04/1971
178;15/05/1970
179;13/11/1964
180;09/11/1966
181;11/07/1992
182;13/03/1977
183;11/08/1956
184;05/05/1970
185;12/10/1973
186;09/07/1964
187;10/05/1968
188;12/03/1969
189;11/10/1997
190;04/11/1956
191;10/06/2005
192;13/04/1961
193;10/03/1973
194;10/12/1976
195;01/02/1997
196;01/06/1970
197;05/10/1988
198;14/09/1998
199;15/09/1981
200;15/04/2003
201;05/06/1979
202;01/10/1980
203;01/12/1979
204;08/03/1965
205;13/05/2000
206;08/11/1975
207;02/10/1998
208;07/10/1959
209;10/07/1986
210;07/05/2001
211;09/09/1994
212;11/10/1985
213;01/10/1962
214;03/01/1959
215;01/01/1998
216;02/05/1957
217;15/06/1974
218;02/10/1971
219;01/06/1983
220;15/12/1957
221;01/09/1985
222;03/10/1955
223;03/11/1993
224;03/09/1983
225;08/04/1966
226;04/07/1982
227;11/12/1999
228;14/05/1982
229;04/03/1961
230;10/07/1986
231;08/01/1971
232;09/07/1990
233;01/03/1999
234;08/02/1979
235;02/10/1972
236;03/04/1969
237;05/02/1983
238;14/03/1981
239;11/11/1989
240;02/06/1995
241;09/03/1983
242;03/08/1966
243;05/03/1964
244;12/03/1975
245;08/06/1975
246;04/09/1994
247;11/08/1983
248;15/05/1973
249;01/05/1968
250;12/07/1983
251;06/05/1976
252;06/12/1983
253;09/12/1964
254;09/05/1982
255;08/11/1979
256;14/06/1978
257;11/04/1994
258;04/10/1974
259;05/01/1980
260;14/03/1970
261;05/05/1981
262;14/10/1973
263;06/01/1981
264;07/01/1964
265;06/10/1986
266;11/04/1990
267;12/04/2002
268;05/04/1984
269;04/10/1960
270;12/06/1994
271;11/10/1967
272;06/06/1980
273;04/01/1991
274;06/01/1969
275;15/02/1999
276;13/06/1997
277;09/01/1977
278;05/04/1976
279;12/01/1988
280;08/11/1969
281;12/01/1960
282;02/04/1977
283;14/04/1973
284;13/02/1977
285;09/08/1999
286;05/03/1984
287;12/06/1986
288;02/09/1988
289;15/08/1994
290;05/05/1991
291;05/07/1967
292;01/12/1977
293;15/09/1992
294;03/12/1963
295;11/01/1998
296;01/11/1979
297;01/01/1984
298;02/08/1969
299;10/12/1985
300;12/06/1979
301;09/03/1964
302;10/05/1968
303;03/10/1962
304;09/02/1966
305;02/08/1983
306;07/05/1965
307;14/06/1960
308;09/05/1983
309;15/02/1989
310;09/10/1978
311;04/08/1957
312;09/12/1983
313;01/08/1991
314;01/05/1961
315;13/09/1981
316;05/04/1963
317;02/10/2005
318;08/05/1957
319;15/12/1975
320;15/10/1980
321;13/07/1984
322;05/04/1956
323;05/08/1960
324;08/08/1983
325;12/06/2003
326;04/11/1957
327;01/06/1962
328;09/11/1998
329;09/09/1990
330;10/04/1971
331;04/06/1951
332;01/07/1969
333;05/02/2004
334;12/01/1972
335;03/07/1993
336;07/05/1955
337;05/09/1974
338;03/12/1986
339;03/09/1997
340;02/03/1972
341;04/10/1975
342;11/11/1963
343;11/08/1978
344;04/09/1997
345;11/09/1963
346;01/08/1950
347;07/10/1962
348;01/04/1971
349;13/06/1956
350;09/04/1988
351;08/09/1970
352;11/05/1953
353;05/07/1969
354;05/02/1992
355;11/03/1971
356;14/12/1952
357;09/05/1976
358;06/11/1986
359;12/11/1974
360;01/04/1958
361;01/02/1984
362;02/10/1993
363;01/01/1988
364;14/10/1950
365;06/07/1978
366;10/02/1963
367;15/05/1996
368;06/04/1986
369;12/10/1988
370;10/10/1992
371;14/08/1955
372;15/08/1987
373;13/05/1987
374;06/12/1969
375;02/03/1970
376;15/03/1973
377;12/11/1955
378;07/05/1980
379;04/02/1976
380;15/12/1991
381;15/10/1986
382;05/06/1993
383;10/04/1957
384;06/04/1968
385;09/06/1975
386;11/05/1987
387;11/09/1994
388;09/01/1977
389;12/03/1969
390;01/12/1991
391;03/04/1960
392;14/07/1994
393;04/02/1959
394;11/08/2001
395;05/08/1988
396;04/06/1971
397;01/09/1995
398;12/02/1994
399;12/04/1989
400;07/02/1996
401;13/03/1987
402;15/09/1983
403;09/05/1972
404;13/11/1983
405;01/10/1973
406;03/05/1971
407;03/10/1991
408;01/04/1988
409;13/03/1992
410;10/03/2001
411;02/12/1980
412;02/03/1983
413;07/05/1969
414;08/09/1986
415;08/01/1958
416;02/07/1966
417;14/12/1990
418;05/08/1985
419;05/10/1965
420;08/11/1993
421;03/10/1993
422;01/10/2003
423;06/07/1952
424;09/06/1967
425;10/04/1955
426;12/11/1969
427;04/04/1975
428;05/10/1988
429;05/08/1989
430;04/07/1983
431;06/03/1983
432;02/02/1975
433;15/01/1997
434;05/09/1999
435;04/01/1987
436;06/06/1980
437;13/10/1972
438;01/10/1975
439;15/08/1975
440;06/12/1979
441;10/06/1959
442;05/04/1974
443;03/12/1957
444;03/09/1976
445;08/02/2001
446;11/05/1986
447;13/12/1992
448;08/11/1977
449;04/04/1996
450;09/07/1972
451;13/08/1996
452;09/09/1957
453;12/07/1997
454;15/04/1982
455;12/02/1993
456;15/03/1989
457;02/06/1995
458;05/09/1958
459;05/04/1985
460;15/12/1994
461;09/10/1999
462;11/11/1961
463;14/05/1991
464;02/12/1989
465;15/12/1964
466;01/11/1959
467;12/05/1974
468;13/12/1991
469;07/10/1971
470;06/02/2001
471;04/11/1996
472;06/05/1995
473;12/11/1986
474;03/07/1964
475;10/08/1997
476;09/09/1971
477;02/04/1964
478;04/10/1974
479;13/02/1992
480;09/07/1980
481;01/09/1955
482;07/12/1998
483;10/07/1979
484;15/11/1991
485;13/08/1965
486;11/11/1974
487;14/08/1974
488;01/06/1973
489;02/01/1960
490;08/09/1997
491;12/07/1953
492;11/04/1992
493;06/06/1975
494;10/09/1963
495;01/10/1959
496;09/05/2001
497;15/11/1992
498;06/05/1990
499;08/01/1970
500;02/05/1977
501;05/10/1957
502;07/03/1988
503;12/07/1990
504;12/11/1959
505;14/09/1996
506;09/06/1985
507;01/05/1992
508;05/07/1999
509;03/03/1992
510;12/12/1965
511;10/07/1968
512;05/12/1984
513;05/06/1975
514;13/01/1974
515;06/02/1976
516;02/04/1979
517;03/10/1971
518;15/12/1963
519;14/12/1991
520;13/08/1991
521;14/08/1967
522;02/02/1992
523;01/08/1955
524;12/07/1998
525;09/03/1958
526;05/01/1987
527;03/12/1993
528;12/11/2002
529;08/05/1961
530;05/11/1980
531;06/02/1984
532;15/12/1975
533;09/08/1973
534;08/07/1968
535;11/07/1975
536;07/09/1976
537;13/09/1954
538;08/12/1984
539;05/11/1981
540;04/11/1990
541;02/09/1989
542;15/02/1988
543;05/10/1994
544;01/02/1989
545;03/09/1994
546;05/05/1979
547;13/05/1964
548;15/07/1969
549;13/11/1968
550;15/02/1953
551;05/05/1959
552;01/12/2000
553;08/08/1974
554;13/09/1977
555;04/01/1959
556;01/05/1959
557;14/02/1997
558;04/01/1973
559;06/05/2001
560;15/12/1985
561;05/08/1959
562;11/01/1978
563;07/10/1975
564;08/10/1965
565;12/10/1996
566;13/07/1964
567;07/03/1960
568;15/10/1982
569;04/06/1986
570;07/02/1974
571;04/06/1993
572;15/02/1964
573;05/05/1981
574;04/10/1956
575;09/04/1977
576;02/06/1965
577;04/07/1984
578;11/10/2005
579;05/05/1970
580;02/11/1996
581;13/03/1995
582;15/05/1964
583;15/08/1983
584;06/09/2001
585;03/10/1967
586;03/12/1956
587;02/10/1961
588;04/01/1979
589;05/12/1999
590;10/08/1994
591;15/10/1957
592;01/02/1957
593;09/02/1979
594;05/05/1965
595;02/10/1965
596;08/10/1973
597;13/07/1959
598;10/12/1986
599;11/01/1973
600;15/11/1972
601;15/05/1996
602;01/04/1958
603;02/12/1963
604;07/11/1973
605;15/04/1976
606;03/11/1975
607;10/11/1963
608;04/01/1976
609;10/09/1969
610;07/12/1953
611;07/12/1955
612;13/07/1991
613;03/07/1989
614;10/09/1976
615;01/03/1989
616;10/06/1980
617;08/04/1991
618;02/11/1973
619;03/08/1990
620;14/04/1996
621;01/12/1957
622;06/02/1979
623;05/02/1952
624;05/12/1980
625;15/08/1965
626;11/09/1981
627;02/06/1973
628;14/03/1977
629;10/01/1960
630;13/02/1977
631;12/08/1982
632;11/10/1973
633;03/01/1965
634;02/12/1969
635;03/01/1961
636;02/03/1986
637;03/10/1983
638;10/12/1965
639;13/01/1964
640;11/04/1975
641;01/01/1998
642;11/12/1999
643;06/09/1984
644;07/02/1971
645;15/10/1961
646;03/01/1996
647;08/09/1986
648;01/09/1994
649;03/01/1988
650;01/10/2000
651;08/07/2000
652;14/06/1990
653;08/08/1973
654;14/08/1982
655;12/01/1976
656;02/01/1971
657;02/12/1993
658;13/08/1961
659;11/01/1993
660;01/11/1998
661;12/03/1964
662;11/06/1985
663;11/06/1998
664;15/07/1971
665;11/08/2000
666;09/08/1957
667;13/10/1959
668;09/10/1959
669;05/12/2003
670;05/11/1957
671;03/09/1958
672;09/06/1985
673;01/07/1953
674;12/05/1999
675;06/01/1974
676;10/03/1977
677;15/09/1970
678;14/04/1982
679;01/07/1959
680;15/01/2001
681;01/09/1986
682;15/06/1961
683;07/04/1970
684;12/05/1996
685;13/03/1969
686;13/07/1981
687;06/01/1953
688;06/07/1985
689;04/03/1980
690;11/11/1979
691;10/12/1956
692;10/04/1968
693;09/05/1957
694;07/04/1976
695;11/03/1990
696;12/04/1968
697;04/02/1982
698;07/01/1963
699;01/07/1952
700;08/11/1957
701;04/10/1994
702;01/10/1989
703;11/06/1974
704;05/12/1978
705;15/03/1992
706;04/12/1987
707;15/12/1979
708;02/10/1969
709;08/10/1964
710;15/02/1979
711;15/06/1986
712;06/12/1993
713;12/12/1986
714;03/11/1966
715;08/06/2000
716;10/03/1973
717;08/09/1960
718;09/09/1983
719;04/05/1977
720;02/05/1975
721;12/10/1967
722;06/01/1956
723;13/08/1968
724;04/12/1967
725;10/05/1974
726;09/05/1965
727;01/06/1955
728;04/12/1976
729;02/07/1963
730;15/01/1980
731;02/04/2003
732;14/06/1999
733;10/10/1962
734;15/09/1965
735;01/01/1959
736;10/06/1983
737;01/05/1962
738;09/10/1965
739;05/07/1976
740;15/09/1984
741;02/11/1973
742;09/10/1955
743;09/10/1981
744;02/02/1960
745;09/03/1997
746;11/07/1966
747;09/02/1980
748;12/06/1972
749;09/03/1984
750;09/11/1961
751;06/03/1966
752;12/02/1999
753;13/06/1966
754;13/05/1983
755;10/10/1987
756;05/10/1986
757;04/04/1969
758;07/08/1980
759;10/06/1985
760;08/07/1996
761;10/12/1970
762;03/03/1980
763;01/09/1981
764;07/02/1968
765;04/05/1976
766;01/12/1994
767;15/04/1979
768;14/01/1982
769;07/05/1978
770;08/05/1991
771;01/03/1995
772;10/07/1980
773;14/08/1972
774;12/09/2000
775;04/09/1987
776;09/06/1983
777;08/12/1995
778;14/11/1989
779;11/12/1996
780;01/04/1980
781;01/01/1991
782;13/02/1983
783;02/09/1966
784;06/11/1954
785;13/07/1989
786;12/08/1977
787;14/08/1969
788;15/03/1981
789;09/10/1994
790;03/02/1984
791;05/02/1962
792;03/09/2000
793;02/08/1990
794;10/02/1962
795;14/12/1993
796;07/05/1972
797;04/02/1996
798;15/08/1958
799;12/12/1978
800;12/09/1993
801;07/11/1981
802;03/04/1966
803;10/02/1995
804;03/04/1991
805;11/05/1960
806;13/05/1962
807;08/05/1987
808;10/05/1973
809;06/10/1968
810;01/11/1982
811;02/02/1974
812;02/04/1997
813;07/02/1962
814;06/07/1984
815;15/04/1973
816;14/02/2003
817;06/08/1976
818;08/08/1961
819;06/02/1974
820;07/04/1963
821;13/08/1988
822;13/01/1987
823;13/10/1982
824;11/08/1978
825;13/02/1962
826;02/12/1985
827;04/03/1954
828;14/09/1993
829;13/05/1985
830;06/10/1964
831;10/10/1953
832;02/06/1989
833;06/01/1993
834;06/07/1962
835;12/06/1965
836;01/02/1993
837;15/06/1989
838;03/06/1982
839;02/06/1969
840;05/06/1952
841;08/01/1996
842;09/02/1950
843;02/11/1989
844;13/07/1987
845;06/11/1982
846;03/01/1969
847;01/12/1993
848;01/06/1960
849;07/10/1987
850;13/12/1999
851;12/08/1974
852;05/02/1984
853;06/02/1961
854;03/11/1981
855;12/03/1979
856;05/10/1957
857;02/07/1981
858;04/08/1984
859;01/08/1967
860;10/09/1990
861;15/11/1974
862;06/08/1963
863;12/11/1982
864;01/06/1975
865;07/02/1973
866;06/11/1952
867;15/02/1969
868;02/05/1956
869;14/04/1963
870;14/05/1963
871;07/09/1995
872;13/10/1978
873;14/08/1971
874;14/05/1963
875;15/12/1981
876;13/01/1969
877;08/08/1969
878;06/09/1977
879;13/05/1959
880;14/10/1985
881;04/04/1988
882;01/11/1959
883;04/05/1995
884;14/12/1954
885;01/11/1977
886;15/07/1967
887;08/10/1968
888;03/12/1995
889;02/11/1969
890;02/06/1959
891;10/12/1973
892;03/11/1967
893;05/11/1964
894;08/05/1957
895;13/02/1996
896;11/01/1987
897;01/10/1997
898;14/05/1964
899;07/07/1993
900;01/09/1974
901;01/10/1978
902;13/07/1992
903;03/08/1987
904;03/03/1992
905;02/11/1962
906;09/05/1997
907;08/02/1964
908;05/12/1953
909;12/10/1998
910;12/03/1989
911;10/12/2001
912;03/09/2001
913;08/06/1964
914;01/04/1965
915;07/10/1975
916;03/03/1971
917;06/03/1970
918;14/04/1966
919;05/08/1982
920;13/02/1994
921;08/06/1970
922;10/06/1998
923;14/04/1981
924;03/03/1996
925;09/11/1989
926;10/09/1995
927;03/12/2002
928;10/08/1959
929;02/06/1980
930;10/06/1967
931;01/12/1971
932;13/05/1980
933;09/01/1964
934;04/04/1979
935;12/11/1964
936;14/12/1962
937;06/12/1990
938;03/10/1971
939;08/07/1978
940;10/06/1970
941;06/05/1958
942;07/03/1973
943;14/03/1990
944;08/03/1988
945;11/12/1976
946;07/10/1964
947;12/04/1986
948;15/12/1968
949;03/07/1988
950;01/12/1969
951;04/03/1975
952;02/10/1977
953;03/02/1965
954;10/07/1979
955;02/07/1988
956;10/05/1960
957;10/07/1996
958;01/07/1995
959;05/11/1966
960;13/12/1967
961;14/07/1956
962;14/07/1971
963;05/10/1962
964;05/12/1989
965;01/02/1975
966;06/10/1988
967;09/02/1995
968;14/07/2001
969;15/11/1980
970;08/05/1967
971;03/12/1978
972;02/06/1997
973;07/03/1991
974;08/07/1995
975;07/10/1996
976;14/04/1982
977;09/08/1995
978;09/08/1974
979;09/09/1987
980;11/10/1991
981;05/02/1956
982;12/09/1995
983;06/10/1983
984;12/01/1961
985;06/11/1970
986;04/05/1989
987;03/03/1963
988;02/01/1981
989;08/09/1973
990;02/10/1995
991;12/07/1999
992;01/01/1986
993;11/01/1982
994;07/06/1960
995;05/08/1960
996;14/05/1969
997;14/01/1961
998;09/10/1960
999;10/04/1973
1000;11/05/1979
1001;11/09/1981
1002;13/03/1958
1003;02/12/1966
1004;13/08/1985
1005;06/08/1973
1006;04/05/1974
1007;10/12/1977
1008;15/03/1965
1009;02/04/2003
1010;05/11/1992
1011;14/04/1981
1012;05/09/1972
1013;12/08/1970
1014;06/09/1986
1015;11/08/2002
1016;03/07/1973
1017;02/07/1995
1018;03/11/1998
1019;11/04/1964
1020;11/10/1969
1021;14/01/1974
1022;05/05/1958
1023;08/02/1953
1024;05/09/1982
1025;08/03/1977
1026;06/10/1966
1027;09/04/1958
1028;02/10/1994
1029;06/09/2000
1030;02/03/1967
1031;11/02/1984
1032;07/09/1972
1033;13/11/1966
1034;08/05/2000
1035;05/05/1984
1036;03/12/1989
1037;03/06/1960
1038;05/05/1968
1039;13/07/1966
1040;15/08/1980
1041;02/06/1961
1042;15/12/1959
1043;06/05/1963
1044;08/10/1990
1045;12/07/1961
1046;07/06/1990
1047;05/01/1955
1048;05/03/2002
1049;06/10/1984
1050;05/10/1966
1051;03/04/1966
1052;03/11/1974
1053;05/04/1974
1054;08/12/1971
1055;13/12/1983
1056;14/11/1968
1057;14/03/1967
1058;05/05/1972
1059;12/11/1982
1060;04/09/1977
1061;04/02/1964
1062;07/05/1957
1063;01/05/1972
1064;11/07/1962
1065;11/08/1980
1066;04/11/1986
1067;05/06/1960
1068;10/09/1980
1069;03/12/1985
1070;15/02/1971
1071;04/12/1964
1072;02/03/1994
1073;10/06/1964
1074;10/06/1964
1075;08/10/1981
1076;15/02/1977
1077;03/02/1974
1078;07/12/1961
1079;08/05/1960
1080;11/05/1982
1081;08/04/1978
1082;09/08/1992
1083;02/12/1989
1084;02/06/1987
1085;09/07/1991
1086;02/07/2000
1087;09/06/1975
1088;14/03/1963
1089;05/07/1984
1090;09/08/1979
1091;06/03/1957
1092;13/03/2004
1093;11/08/1994
1094;12/12/1996
1095;15/03/1991
1096;10/09/1979
1097;12/02/1972
1098;13/12/1965
1099;11/01/1972
1100;08/06/1971
1101;15/06/2002
1102;03/02/1973
1103;01/03/1961
1104;08/01/1955
1105;14/10/1961
1106;12/09/1972
1107;04/10/2001
1108;14/02/1989
1109;10/04/1991
1110;09/09/1999
1111;09/02/1967
1112;08/05/1980
1113;05/02/1989
1114;15/09/1993
1115;10/03/1960
1116;05/12/1966
1117;02/02/1966
1118;14/03/1980
1119;07/06/1960
1120;12/09/1961
1121;11/10/1973
1122;14/01/1979
1123;12/02/1980
1124;15/05/1981
1125;03/11/1969
1126;15/11/1968
1127;06/05/1961
1128;05/04/1967
1129;04/10/1981
1130;04/07/1982
1131;15/03/1985
1132;10/10/1964
1133;02/05/1983
1134;01/12/1957
1135;03/01/1958
1136;09/01/1958
1137;04/02/1952
1138;14/11/1981
1139;04/11/1979
1140;04/08/1992
1141;06/08/1959
1142;11/09/1967
1143;14/07/1970
1144;01/01/1979
1145;04/03/1991
1146;07/12/2002
1147;09/01/1973
1148;04/01/1965
1149;08/09/2000
1150;10/12/1977
1151;04/10/1966
1152;09/02/1972
1153;13/12/2000
1154;05/12/1968
1155;15/09/1975
1156;04/11/1972
1157;08/09/1959
1158;05/05/1993
1159;06/03/1972
1160;13/06/1999
1161;07/01/1996
1162;05/09/1996
1163;01/04/1985
1164;13/01/1989
1165;07/09/1984
1166;10/12/1997
1167;08/12/1967
1168;09/03/1994
1169;11/01/1983
1170;06/06/1970
1171;15/10/1984
1172;08/08/1966
1173;13/01/1969
1174;15/10/1997
1175;12/10/1958
1176;03/12/1966
1177;15/12/1961
1178;04/04/1971
1179;11/05/1969
1180;05/01/1960
1181;03/01/1979
1182;09/07/1988
1183;07/01/1973
1184;12/02/1966
1185;13/01/1965
1186;05/01/1999
1187;05/10/1997
1188;08/11/1985
1189;10/03/1987
1190;09/02/1990
1191;12/11/1975
1192;06/12/1991
1193;05/01/1995
1194;07/12/1976
1195;12/07/1992
1196;02/08/1973
1197;07/02/2000
1198;05/10/1999
1199;14/02/1983
1200;02/05/1965
1201;10/09/1966
1202;08/07/1988
1203;10/10/1977
1204;12/12/1964
1205;13/07/1979
1206;13/05/1997
1207;10/11/2002
1208;05/06/1978
1209;01/02/1962
1210;09/09/1979
1211;14/10/1979
1212;14/08/1979
1213;08/05/1968
1214;06/10/1994
1215;07/06/1977
1216;03/08/1991
1217;14/11/1991
1218;12/11/1970
1219;03/11/1989
1220;10/09/1985
1221;04/12/1997
1222;13/06/1985
1223;03/11/1994
1224;14/05/1964
1225;05/09/1972
1226;05/04/1978
1227;09/11/1986
1228;03/01/2000
1229;05/09/2005
1230;15/08/1999
1231;04/12/1994
1232;01/01/1972
1233;15/11/1996
1234;02/02/2000
1235;04/07/1963
1236;05/12/1993
1237;14/08/1985
1238;13/11/1973
1239;12/01/1971
1240;01/05/1981
1241;09/04/1986
1242;09/06/1991
1243;02/10/1996
1244;15/02/1965
1245;12/08/1978
1246;13/08/1970
1247;11/09/1970
1248;13/06/1992
1249;11/02/1995
1250;05/06/1970
1251;13/02/2002
1252;06/09/1997
1253;07/01/1960
1254;15/01/1968
1255;13/10/1985
1256;06/03/1977
1257;12/12/1987
1258;08/07/1983
1259;05/07/1979
1260;04/03/1984
1261;05/08/1997
1262;08/02/1958
1263;11/01/1979
1264;12/04/1986
1265;13/12/1993
1266;11/04/1960
1267;01/09/1960
1268;04/08/1989
1269;09/11/1997
1270;14/03/1991
1271;15/11/1964
1272;09/02/2002
1273;04/10/1993
1274;10/11/1964
1275;02/06/1959
1276;02/11/1990
1277;11/02/1963
1278;11/10/1972
1279;08/05/1992
1280;12/06/1989
1281;10/06/1981
1282;06/06/1972
1283;14/03/1957
1284;11/05/1990
1285;14/01/1968
1286;05/11/1966
1287;10/08/1979
1288;03/09/1997
1289;09/11/1977
1290;12/11/1989
1291;11/07/1951
1292;01/07/1983
1293;15/05/1989
1294;03/02/1987
1295;14/12/1973
1296;11/05/1978
1297;15/02/1981
1298;15/05/1979
1299;06/01/1964
1300;08/04/1988
1301;07/02/1969
1302;06/04/1960
1303;05/07/1967
1304;03/05/1969
1305;09/09/1966
1306;01/08/1952
1307;08/02/1966
1308;05/07/2005
1309;05/12/1978
1310;10/02/1959
1311;09/09/1973
1312;13/09/1988
1313;08/10/1963
1314;08/03/1978
1315;09/09/1966
1316;06/03/1957
1317;07/12/1959
1318;08/03/1990
1319;15/11/1968
1320;04/08/1973
1321;15/07/1974
1322;03/04/1981
1323;06/04/1986
1324;11/01/1968
1325;09/01/1972
1326;02/06/1992
1327;11/11/1967
1328;03/03/1974
1329;01/10/1973
1330;01/05/1989
1331;07/09/1990
1332;06/06/1998
1333;12/06/1982
1334;01/11/1973
1335;09/12/1958
1336;14/01/2002
1337;15/03/1980
1338;01/02/1992
1339;02/01/1976
1340;07/10/1978
1341;01/10/1993
1342;09/05/1980
1343;04/11/1979
1344;06/07/1977
1345;15/04/2006
1346;14/12/2000
1347;02/11/1977
1348;07/02/1974
1349;13/06/1986
1350;14/10/1971
1351;11/01/1992
1352;09/05/1997
1353;15/08/1967
1354;08/03/1963
1355;15/11/1994
1356;04/07/1990
1357;01/01/1961
1358;01/05/1976
1359;12/11/1976
1360;01/05/1971
1361;13/11/1964
1362;03/01/1993
1363;07/03/1978
1364;11/07/1958
1365;08/11/1987
1366;03/02/1991
1367;10/07/1981
1368;09/12/1989
1369;13/06/1977
1370;11/07/1983
1371;10/10/1996
1372;15/01/1985
1373;05/08/1992
1374;04/11/1973
1375;07/07/1987
1376;11/01/1960
1377;03/01/1977
1378;07/12/2003
1379;14/06/2000
1380;09/04/1987
1381;02/05/1999
1382;02/02/1959
1383;08/02/1957
1384;06/09/1977
1385;08/11/1958
1386;06/06/1958
1387;08/07/1998
1388;04/04/1968
1389;10/05/1963
1390;09/04/1968
1391;11/12/1976
1392;04/03/1965
1393;04/11/2005
1394;14/11/1956
1395;13/01/1966
1396;08/01/1980
1397;03/12/1968
1398;09/09/1967
1399;06/12/1987
1400;14/11/1969
1401;09/02/1966
1402;04/11/1954
1403;01/02/1954
1404;10/07/1964
1405;08/10/1980
1406;04/08/1965
1407;15/11/1994
1408;12/05/1974
1409;02/12/1995
1410;06/11/1962
1411;08/01/1987
1412;05/06/1977
1413;13/01/1981
1414;09/05/1971
1415;08/10/1969
1416;09/03/1977
1417;06/10/1965
1418;12/11/1968
1419;11/02/1972
1420;04/12/1952
1421;08/05/1986
1422;03/10/1993
1423;06/11/1983
1424;02/02/1986
1425;06/07/1965
1426;13/03/1966
1427;12/02/1995
1428;10/05/2000
1429;07/11/1967
1430;06/05/1970
1431;11/02/1951
1432;10/11/1986
1433;08/09/1970
1434;01/07/1986
1435;12/04/1976
1436;14/07/2001
1437;06/01/1993
1438;08/06/1996
1439;10/05/1973
1440;11/04/2000
1441;12/02/1959
1442;10/04/1978
1443;05/10/1973
1444;01/08/1968
1445;14/01/1966
1446;13/02/1973
1447;08/06/2002
1448;14/03/1964
1449;02/04/1983
1450;01/06/1962
1451;15/02/1961
1452;13/12/1959
1453;08/09/1986
1454;08/02/1968
1455;07/11/1991
1456;08/07/1963
1457;04/02/1983
1458;10/11/1967
1459;10/03/1964
1460;08/11/1979
1461;03/04/1954
1462;15/04/1996
1463;10/01/1966
1464;04/03/1960
1465;10/06/1980
1466;06/06/1960
1467;04/11/1977
1468;01/08/2005
1469;07/06/1982
1470;10/05/1982
1471;13/05/1957
1472;15/11/1961
1473;09/12/1971
1474;05/09/1986
1475;13/10/1987
1476;11/11/1967
1477;06/02/2004
1478;15/12/1957
1479;07/09/1969
1480;05/05/1987
1481;07/07/1991
1482;04/12/1994
1483;11/05/1988
1484;03/07/1983
1485;06/11/1985
1486;14/01/1968
1487;10/05/1971
1488;04/10/1998
1489;09/09/1997
1490;12/04/1964
1491;15/07/2002
1492;03/12/1983
1493;07/12/1967
1494;15/05/1963
1495;11/07/1980
1496;01/05/1962
1497;09/08/1985
1498;05/02/1962
1499;01/05/1968
1500;04/08/1975
1501;01/03/1979
1502;04/02/1967
1503;01/09/1954
1504;10/01/2005
1505;04/09/1958
1506;04/05/1999
1507;07/11/1966
1508;15/10/1970
1509;03/10/1962
1510;06/06/1960
1511;15/02/1970
1512;07/05/1966
1513;11/06/1960
1514;12/12/1996
1515;08/05/1989
1516;03/08/1976
1517;04/10/1971
1518;14/10/2004
1519;15/07/1956
1520;07/02/1956
1521;03/07/1969
1522;11/06/1992
1523;07/05/1989
1524;14/09/1990
1525;01/07/1981
1526;13/02/1995
1527;03/08/1982
1528;10/09/1996
1529;01/10/1993
1530;10/04/1960
1531;05/12/1969
1532;15/06/1994
1533;14/09/1955
1534;10/10/1983
1535;04/08/1974
1536;02/01/1974
1537;02/03/1992
1538;15/05/1982
1539;14/10/2001
1540;02/12/1992
1541;05/11/1971
1542;06/04/2003
1543;04/10/1959
1544;04/03/1991
1545;13/12/1985
1546;12/07/1958
1547;01/10/1984
1548;01/12/1991
1549;04/01/1986
1550;13/02/1955
1551;02/06/1972
1552;12/06/1982
1553;15/08/1980
1554;07/06/1987
1555;07/10/1993
1556;06/07/1972
1557;05/02/1975
1558;10/02/1963
1559;04/11/1971
1560;02/11/2005
1561;08/02/1994
1562;09/02/1987
1563;14/07/1965
1564;11/09/1978
1565;03/01/1959
1566;12/03/1986
1567;12/08/1965
1568;05/12/1979
1569;01/03/2000
1570;11/04/2002
1571;14/01/1959
1572;12/12/1978
1573;13/10/1986
1574;01/05/1981
1575;04/10/1969
1576;03/06/1986
1577;01/05/1970
1578;11/12/1977
1579;11/01/1980
1580;01/06/1986
1581;09/09/1996
1582;09/10/1975
1583;01/12/1963
1584;06/01/1972
1585;15/06/1987
1586;15/03/1957
1587;15/09/1964
1588;09/02/1981
1589;02/11/1986
1590;13/03/1997
1591;05/08/1962
1592;02/11/1996
1593;08/10/1963
1594;14/10/1997
1595;14/04/1985
1596;12/07/1968
1597;09/07/1989
1598;11/04/1956
1599;08/09/1966
1600;02/04/1962
1601;07/04/1958
1602;11/03/2004
1603;14/05/1970
1604;07/12/1963
1605;03/10/1970
1606;10/08/1989
1607;11/09/1985
1608;09/08/1978
1609;03/04/1971
1610;03/09/1988
1611;10/01/1988
1612;07/11/1984
1613;15/06/1992
1614;08/04/1970
1615;02/01/1996
1616;02/06/1972
1617;08/07/1960
1618;04/04/1964
1619;10/06/1989
1620;08/07/1990
1621;11/06/1981
1622;14/10/1969
1623;05/10/1968
1624;15/01/1970
1625;13/08/1963
1626;14/11/1960
1627;11/11/1984
1628;12/08/1976
1629;14/03/1964
1630;09/02/1985
1631;13/03/1962
1632;11/01/1979
1633;08/04/1986
1634;11/01/1967
1635;12/02/1991
1636;12/09/1987
1637;10/09/1986
1638;15/10/1988
1639;09/11/1967
1640;12/04/1995
1641;09/11/1962
1642;11/02/1986
1643;08/11/1966
1644;13/06/1955
1645;12/11/1979
1646;06/02/1992
1647;09/09/1961
1648;06/05/1970
1649;14/07/1983
1650;04/06/1978
1651;13/02/1976
1652;10/04/1984
1653;14/12/2000
1654;02/08/1951
1655;04/09/1950
1656;04/04/1983
1657;09/03/1983
1658;15/09/1962
1659;03/02/1954
1660;07/02/1972
1661;10/03/1985
1662;11/07/1995
1663;14/05/1960
1664;11/01/1987
1665;02/06/1989
1666;11/11/1996
1667;02/07/1968
1668;05/05/1989
1669;15/06/1958
1670;11/03/1955
1671;10/06/1958
1672;10/01/1961
1673;12/11/1961
1674;09/08/1998
1675;05/07/1996
1676;14/01/1988
1677;02/06/1990
1678;01/11/1955
1679;04/04/1981
1680;13/11/1963
1681;11/12/1999
1682;12/02/1987
1683;13/02/1971
1684;05/03/1963
1685;06/04/1959
1686;10/10/1972
1687;02/06/1975
1688;14/07/1968
1689;06/07/1953
1690;13/02/1972
1691;04/11/1979
1692;10/01/1978
1693;05/09/1993
1694;15/03/1961
1695;02/04/1986
1696;04/01/1983
1697;09/02/1964
1698;02/12/1972
1699;08/08/1975
1700;07/07/1982
1701;12/12/1999
1702;11/02/1990
1703;08/06/1989
1704;04/05/1971
1705;08/03/1986
1706;03/03/1990
1707;11/12/1959
1708;15/08/1988
1709;14/03/1958
1710;12/05/1983
1711;03/02/1976
1712;07/12/1973
1713;11/11/1969
1714;11/01/1961
1715;12/06/1959
1716;04/11/1977
1717;04/08/1999
1718;08/01/1981
1719;04/11/1987
1720;01/10/1980
1721;01/06/1966
1722;01/01/1984
1723;04/04/2000
1724;03/07/1981
1725;10/02/1980
1726;10/01/1961
1727;05/02/1978
1728;07/06/1995
1729;03/05/1966
1730;05/12/2001
1731;04/05/1967
1732;02/10/1967
1733;03/11/1992
1734;04/08/2001
1735;01/01/1978
1736;10/12/1993
1737;01/07/1957
1738;05/02/1955
1739;08/05/1984
1740;01/04/1979
1741;02/07/1958
1742;08/04/1981
1743;15/05/2003
1744;04/05/1963
1745;14/05/1994
1746;02/05/2003
1747;09/11/1983
1748;09/11/1968
1749;10/03/1996
1750;06/10/1995
1751;06/06/2001
1752;04/11/1997
1753;10/07/1964
1754;06/01/1977
1755;02/03/1996
1756;05/05/1970
1757;07/11/2001
1758;01/05/2001
1759;01/10/1991
1760;03/04/1987
1761;07/07/1981
1762;05/10/1970
1763;14/04/1960
1764;06/02/1965
1765;08/07/1974
1766;08/08/1969
1767;09/05/1964
1768;06/07/1998
1769;01/06/1980
1770;05/11/1966
1771;04/04/1976
1772;11/05/1998
1773;10/04/1955
1774;13/08/1951
1775;11/12/1988
1776;15/12/1970
1777;02/09/1968
1778;03/11/1973
1779;14/01/1960
1780;09/04/1978
1781;06/12/1991
1782;05/12/1968
1783;08/09/2004
1784;08/07/1969
1785;02/07/1976
1786;02/02/2003
1787;04/06/1987
1788;10/06/1958
1789;05/01/1990
1790;05/12/1982
1791;15/05/1958
1792;01/04/1985
1793;10/09/1990
1794;10/09/1978
1795;12/06/1962
1796;13/02/1979
1797;15/03/1998
1798;08/08/1968
1799;02/09/1988
1800;03/01/1959
1801;09/05/1989
1802;12/02/1994
1803;09/06/1965
1804;02/11/1973
1805;15/08/1963
1806;01/12/1954
1807;12/06/1971
1808;02/04/1988
1809;13/08/1963
1810;06/08/1993
1811;01/11/1993
1812;01/06/1982
1813;09/09/1979
1814;02/03/1997
1815;02/04/1992
1816;15/11/1967
1817;11/03/1985
1818;10/09/1982
1819;13/07/1993
1820;12/06/1989
1821;07/03/1984
1822;04/02/1989
1823;15/07/1982
1824;15/02/1982
1825;07/10/1964
1826;06/09/1979
1827;10/05/1997
1828;06/11/1981
1829;04/12/1966
1830;13/06/1979
1831;15/09/1956
1832;07/08/1955
1833;15/11/1960
1834;03/10/1956
1835;06/01/1991
1836;04/03/1962
1837;08/05/1986
1838;01/11/1959
1839;10/12/1969
1840;02/07/1978
1841;07/08/1954
1842;12/06/1974
1843;10/11/1984
1844;09/05/1995
1845;03/04/1994
1846;15/01/1957
1847;05/06/1990
1848;14/04/1960
1849;13/03/1983
1850;09/08/1964
1851;07/11/1957
1852;15/06/1995
1853;04/10/1991
1854;08/06/1967
1855;09/11/1993
1856;14/09/1991
1857;03/11/1957
1858;02/12/1981
1859;10/01/1997
1860;13/02/1993
1861;15/08/1970
1862;10/09/1982
1863;03/12/1992
1864;02/09/1952
1865;06/05/1958
1866;13/09/1981
1867;10/07/1953
1868;13/10/1951
1869;13/08/1988
1870;12/04/1984
1871;03/05/1984
1872;08/10/1956
1873;13/08/1971
1874;08/02/2001
1875;06/01/1975
1876;11/10/1984
1877;01/12/1956
1878;06/08/1968
1879;04/07/1976
1880;06/04/1961
1881;04/05/1996
1882;05/12/1977
1883;06/02/1996
1884;09/02/1962
1885;06/04/1986
1886;04/01/1967
1887;06/09/1956
1888;06/03/1961
1889;13/01/1985
1890;02/10/1993
1891;04/04/1956
1892;11/01/1981
1893;15/02/1973
1894;14/12/1970
1895;13/05/1990
1896;13/02/2001
1897;04/02/1988
1898;14/01/1954
1899;06/07/1981
1900;03/05/1997
1901;15/12/1990
1902;09/12/1997
1903;12/02/1986
1904;14/12/1978
1905;05/11/1990
1906;09/02/1954
1907;04/03/1979
1908;06/05/1988
1909;08/11/1989
1910;07/03/1969
1911;04/03/1975
1912;12/04/1975
1913;02/09/1991
1914;03/06/1996
1915;15/06/1969
1916;14/05/1967
1917;05/05/1997
1918;15/02/1981
1919;01/07/1965
1920;11/12/1970
1921;14/09/1997
1922;09/12/1981
1923;01/05/1977
1924;08/09/1997
1925;05/08/1969
1926;09/03/1987
1927;10/02/1958
1928;02/08/1971
1929;10/04/1961
1930;02/11/1979
1931;12/07/1995
1932;10/11/1996
1933;03/12/1959
1934;10/10/1992
1935;01/04/1993
1936;05/09/1981
1937;13/03/1986
1938;02/06/1951
1939;13/10/1963
1940;04/10/1980
1941;10/10/1993
1942;12/03/1988
1943;01/01/1975
1944;03/11/1966
1945;02/07/1984
1946;03/05/1990
1947;15/09/1962
1948;15/09/1989
1949;15/10/1964
1950;03/05/1957
1951;06/02/1990
1952;04/05/1990
1953;04/08/1959
1954;06/05/1987
1955;04/06/2000
1956;13/02/1986
1957;05/09/1997
1958;13/01/1989
1959;10/12/1968
1960;10/12/1984
1961;02/07/1992
1962;02/02/1957
1963;06/02/1955
1964;10/12/1963
1965;07/01/1990
1966;03/07/1977
1967;11/03/1998
1968;13/11/1981
1969;12/10/1958
1970;09/04/1959
1971;13/02/2001
1972;12/06/1966
1973;08/11/1990
1974;02/08/1962
1975;08/10/1963
1976;01/03/1992
1977;11/02/1977
1978;04/05/1987
1979;10/03/1991
1980;08/09/1985
1981;15/03/1969
1982;11/02/1990
1983;02/04/1989
1984;04/12/2001
1985;09/04/1995
1986;02/10/1991
1987;09/06/1993
1988;15/04/1979
1989;09/09/1989
1990;14/04/1995
1991;10/07/1976
1992;09/04/1999
1993;06/03/1978
1994;12/04/1985
1995;11/11/1989
1996;08/06/1980
1997;05/02/1983
1998;13/01/1969
1999;10/10/1991
2000;06/06/1982
2001;13/11/1977
2002;03/08/1988
2003;09/07/1965
2004;07/07/1978
2005;01/08/1993
2006;03/06/1996
2007;11/05/1985
2008;09/12/1960
2009;12/10/1976
2010;05/10/1966
2011;01/02/1997
2012;05/10/1953
2013;04/08/1973
2014;13/02/1993
2015;13/11/1990
2016;15/01/1973
2017;02/10/1965
2018;04/04/1968
2019;04/09/1983
2020;12/10/1994
2021;11/05/1987
2022;10/08/1979
2023;09/04/1963
2024;08/09/1972
2025;04/03/1986
2026;05/08/2005
2027;11/06/1981
2028;13/04/1959
2029;15/11/1955
2030;06/02/1970
2031;03/11/1971
2032;08/04/1999
2033;10/11/1968
2034;01/01/1973
2035;04/10/1992
2036;11/08/1958
2037;07/02/1983
2038;15/11/1969
2039;11/02/2000
2040;14/05/1979
2041;10/11/1969
2042;03/03/1989
2043;02/09/1974
2044;04/01/2003
2045;09/08/1992
2046;06/09/1988
2047;11/08/1974
2048;13/11/1985
2049;05/09/1999
2050;09/05/2003
2051;06/12/1986
2052;12/02/1989
2053;04/05/1970
2054;12/10/1966
2055;14/12/1989
2056;02/04/1981
2057;06/01/1981
2058;02/07/1961
2059;05/09/1964
2060;01/06/1981
2061;06/10/1990
2062;08/12/2001
2063;13/09/1999
2064;05/01/1959
2065;07/03/1987
2066;04/04/1975
2067;15/11/1993
2068;01/05/1972
2069;05/09/1969
2070;02/10/1990
2071;08/06/1971
2072;12/06/1962
2073;06/11/1959
2074;02/04/1972
2075;09/03/1993
2076;01/08/1965
2077;05/06/1956
2078;05/04/1999
2079;10/10/1956
2080;06/08/1965
2081;11/05/1995
2082;11/12/1988
2083;06/02/1969
2084;02/03/1983
2085;03/10/1967
2086;12/10/1987
2087;08/02/1961
2088;02/11/1952
2089;11/05/1963
2090;07/09/2006
2091;08/05/1986
2092;02/06/1965
2093;10/09/1963
2094;02/03/1997
2095;12/01/1973
2096;08/10/1967
2097;09/03/1996
2098;03/11/1983
2099;09/09/1974
2100;12/04/1963
2101;11/04/1967
2102;09/02/1966
2103;08/03/1962
2104;08/03/1987
2105;10/10/1960
2106;14/03/1989
2107;03/10/1962
2108;08/04/1966
2109;09/09/1969
2110;12/01/1990
2111;13/04/1964
2112;10/04/1952
2113;14/02/1980
2114;02/06/1984
2115;03/07/1967
2116;15/12/1996
2117;09/08/1991
2118;10/01/1994
2119;11/02/2005
2120;04/09/1982
2121;04/12/1986
2122;06/11/1968
2123;14/09/1965
2124;07/09/2002
2125;15/07/1979
2126;15/11/1967
2127;04/02/1978
2128;03/02/1993
2129;13/04/1996
2130;06/05/1971
2131;04/01/2002
2132;11/12/1966
2133;01/09/1981
2134;05/11/1964
2135;05/07/1959
2136;13/09/1976
2137;08/05/1972
2138;01/11/2002
2139;12/10/1958
2140;12/06/1961
2141;08/11/1976
2142;13/01/1999
2143;03/01/1968
2144;14/06/1978
2145;09/09/1987
2146;11/04/1970
2147;03/04/1958
2148;03/05/1979
2149;12/10/1975
2150;05/10/1956
2151;04/11/1974
2152;09/03/1971
2153;08/09/1990
2154;04/09/1953
2155;10/09/1985
2156;10/01/1967
2157;11/03/1984
2158;10/08/1999
2159;15/01/1970
2160;12/10/1974
2161;01/05/1991
2162;10/07/1993
2163;14/09/1965
2164;02/10/1985
2165;10/09/1967
2166;07/01/1981
2167;07/06/1971
2168;07/08/1995
2169;04/06/2001
2170;12/11/1964
2171;05/12/1968
2172;04/05/1983
2173;05/11/1991
2174;12/02/1989
2175;10/07/1971
2176;07/06/1982
2177;02/04/1968
2178;03/09/1979
2179;14/10/1978
2180;13/06/1985
2181;12/10/1992
2182;13/01/1954
2183;02/12/1988
2184;06/02/1981
2185;05/11/1972
2186;06/01/2000
2187;13/05/1982
2188;11/01/1990
2189;14/05/1967
2190;12/07/1960
2191;13/05/1991
2192;14/07/1991
2193;06/04/1956
2194;01/03/1991
2195;01/05/1963
2196;06/06/1960
2197;12/12/1992
2198;10/12/1952
2199;02/08/1960
2200;02/02/1987
2201;07/11/1964
2202;09/08/1959
2203;05/10/1992
2204;02/09/1963
2205;08/08/1984
2206;11/02/1979
2207;10/06/1962
2208;08/01/1989
2209;12/05/1956
2210;15/12/1994
2211;01/07/1972
2212;14/07/1976
2213;11/06/1993
2214;03/01/1967
2215;04/05/1975
2216;13/06/1971
2217;12/07/1991
2218;02/06/1971
2219;02/01/1980
2220;13/04/1960
2221;09/07/1981
2222;01/12/1988
2223;15/12/1988
2224;13/12/1984
2225;09/04/1955
2226;14/12/1987
2227;04/06/1997
2228;08/02/2001
2229;13/12/1982
2230;06/10/2001
2231;04/06/1988
2232;13/03/1984
2233;12/02/1972
2234;15/01/1987
2235;12/06/1987
2236;14/05/1976
2237;03/08/1995
2238;02/07/1989
2239;11/09/2003
2240;06/06/1989
2241;12/07/1988
2242;12/01/1978
2243;06/04/1960
2244;13/05/1965
2245;02/09/1999
2246;13/04/1961
2247;04/09/1983
2248;04/02/1991
2249;01/07/1967
2250;02/11/1965
2251;14/11/2005
2252;10/10/2000
2253;07/12/1979
2254;07/09/1989
2255;01/05/1982
2256;07/01/1960
2257;01/09/1979
2258;07/11/1976
2259;04/12/1991
2260;02/12/1991
2261;14/12/1976
2262;11/09/1992
2263;02/08/1980
2264;11/04/1964
2265;03/04/1996
2266;05/02/1957
2267;01/08/1979
2268;11/03/1981
2269;10/10/1998
2270;05/05/1969
2271;14/04/1970
2272;06/07/1956
2273;15/11/1991
2274;08/08/1972
2275;09/01/1994
2276;09/08/1965
2277;12/02/1999
2278;15/07/1969
2279;02/10/1995
2280;08/07/1961
2281;14/04/1985
2282;01/09/2002
2283;09/05/1998
2284;07/01/1960
2285;13/06/1969
2286;12/12/1988
2287;03/05/1981
2288;13/08/1952
2289;11/04/1985
2290;06/02/1960
2291;11/02/1963
2292;04/07/1954
2293;05/07/1992
2294;09/06/1958
2295;10/09/2001
2296;08/03/1985
2297;06/09/1969
2298;01/07/1963
2299;07/01/1990
2300;02/03/1979
2301;08/04/1970
2302;06/07/1995
2303;09/06/1990
2304;01/10/1992
2305;15/06/1969
2306;13/03/1985
2307;02/11/1953
2308;05/07/1975
2309;15/01/1996
2310;10/06/1959
2311;15/12/1984
2312;15/07/1987
2313;06/08/1961
2314;13/03/1978
2315;07/04/1993
2316;13/01/1994
2317;13/06/2001
2318;01/07/1979
2319;02/11/1971
2320;05/04/1972
2321;11/10/1954
2322;05/12/1997
2323;10/05/1994
2324;07/11/1991
2325;10/01/1981
2326;15/09/1977
2327;03/12/1960
2328;02/07/1968
2329;08/04/1979
2330;01/11/1971
2331;14/04/1965
2332;06/03/1971
2333;09/09/1990
2334;05/09/1988
2335;12/03/1998
2336;05/09/1984
2337;03/07/1979
2338;12/09/1968
2339;05/11/1964
2340;08/02/1973
2341;05/03/1964
2342;13/03/1991
2343;07/09/1976
2344;07/12/1961
2345;10/12/1985
2346;12/06/1991
2347;07/10/1988
2348;03/02/1995
2349;15/06/1953
2350;13/08/2000
2351;07/02/2005
2352;03/11/1980
2353;12/08/1992
2354;11/03/1996
2355;07/11/1966
2356;15/08/1978
2357;06/10/1999
2358;11/03/1985
2359;09/02/1989
2360;14/10/1991
2361;01/01/1993
2362;09/06/1971
2363;14/04/1985
2364;02/01/1985
2365;15/05/1997
2366;03/11/1976
2367;14/10/1991
2368;07/08/1964
2369;04/03/1998
2370;02/08/1970
2371;01/03/1974
2372;05/06/1982
2373;02/10/1990
2374;15/01/1965
2375;09/05/1969
2376;14/05/1978
2377;14/08/1960
2378;10/08/1967
2379;12/02/1975
2380;06/01/1962
2381;09/07/1994
2382;09/10/1971
2383;01/11/1966
2384;09/11/1957
2385;11/04/1967
2386;04/09/1997
2387;07/03/1968
2388;11/12/1979
2389;03/10/1977
2390;02/05/1998
2391;12/11/1985
2392;12/12/1972
2393;11/05/1971
2394;11/03/1975
2395;13/10/1974
2396;07/08/1993
2397;02/05/1972
2398;09/11/1997
2399;08/01/1964
2400;05/07/1994
2401;02/03/1999
2402;05/03/1977
2403;04/03/1982
2404;12/04/1964
2405;01/04/1986
2406;14/12/1967
2407;11/08/1987
2408;14/05/1995
2409;06/12/1977
2410;13/06/1981
2411;13/05/1997
2412;01/12/1959
2413;09/07/1966
2414;05/08/1978
2415;15/10/1998
2416;11/04/1974
2417;03/12/1985
2418;08/06/1993
2419;04/03/1968
2420;08/10/2000
2421;11/09/1975
2422;07/06/1964
2423;12/05/1965
2424;05/05/1989
2425;05/07/1972
2426;11/03/1964
2427;15/01/1990
2428;08/09/1973
2429;15/02/1983
2430;01/05/1969
2431;15/11/1959
2432;12/05/1970
2433;06/06/1959
2434;05/07/1974
2435;15/03/1966
2436;08/07/1972
2437;15/05/1998
2438;14/11/1992
2439;10/10/1982
2440;05/05/1960
2441;07/12/1976
2442;07/09/1966
2443;04/06/1965
2444;11/05/1992
2445;02/10/1979
2446;05/09/1997
2447;06/04/1965
2448;06/03/1979
2449;14/08/1996
2450;01/02/1996
2451;03/04/1960
2452;11/02/1976
2453;07/11/1989
2454;13/01/1984
2455;01/01/1964
2456;11/09/1964
2457;10/09/1975
2458;01/05/1951
2459;04/12/1994
2460;04/11/1956
2461;08/11/1991
2462;10/08/1987
2463;15/05/1962
2464;12/01/1985
2465;15/10/1998
2466;02/02/1969
2467;09/04/1965
2468;02/03/1987
2469;14/06/1983
2470;04/09/1980
2471;12/05/1993
2472;07/02/1981
2473;15/12/1976
2474;04/10/1960
2475;02/08/1986
2476;05/04/1973
2477;05/03/1997
2478;03/09/1997
2479;09/11/1991
2480;12/12/1960
2481;07/06/1996
2482;15/08/1997
2483;13/09/1961
2484;03/03/1999
2485;15/07/1986
2486;02/06/1996
2487;12/10/1996
2488;01/02/1966
2489;09/11/1987
2490;10/10/1965
2491;06/08/1990
2492;14/07/1988
2493;13/08/1998
2494;01/09/1951
2495;01/01/1992
2496;03/07/1959
2497;14/08/1963
2498;10/05/1998
2499;03/09/1969
2500;10/10/1957
2501;14/09/1977
2502;15/09/1976
2503;02/10/1963
2504;15/09/1970
2505;15/09/1985
2506;05/10/1975
2507;12/03/1953
2508;09/06/2002
2509;09/04/1987
2510;07/08/1992
2511;04/02/1985
2512;05/01/1964
2513;12/12/1984
2514;03/07/1988
2515;11/04/1994
2516;14/03/1960
2517;01/08/1988
2518;08/07/1969
2519;12/09/1954
2520;08/05/1968
2521;04/05/1989
2522;11/05/1979
2523;08/02/1971
2524;09/02/1969
2525;05/08/1978
2526;07/01/1957
2527;05/05/1974
2528;14/09/1987
2529;13/08/1962
2530;10/10/1963
2531;12/08/1985
2532;07/06/1994
2533;12/01/1977
2534;05/11/1960
2535;11/04/1989
2536;01/06/1978
2537;10/06/1962
2538;14/09/1973
2539;09/04/2002
2540;04/03/1961
2541;12/12/1964
2542;03/06/1977
2543;14/11/1989
2544;13/01/1985
2545;03/03/1985
2546;01/02/1995
2547;10/12/1966
2548;15/06/1971
2549;05/04/1988
2550;09/05/1966
2551;03/12/1960
2552;02/04/1997
2553;06/09/1987
2554;11/06/1982
2555;08/11/1989
2556;07/06/1997
2557;15/02/1993
2558;06/09/2002
2559;04/01/1968
2560;09/10/1991
2561;11/08/1967
2562;06/08/1980
2563;12/05/1979
2564;02/04/1965
2565;12/02/1963
2566;13/02/1954
2567;13/09/1968
2568;08/08/1976
2569;01/05/1958
2570;09/08/1966
2571;15/04/1962
2572;10/02/1957
2573;09/09/1978
2574;09/01/1975
2575;11/11/1984
2576;14/07/2001
2577;08/09/1990
2578;07/01/1964
2579;01/10/1991
2580;04/03/1992
2581;10/02/2000
2582;09/08/2003
2583;02/10/1965
2584;03/06/1994
2585;11/12/1984
2586;15/03/1985
2587;04/10/1985
2588;01/03/1963
2589;06/10/1995
2590;13/09/1960
2591;03/02/1988
2592;03/02/1955
2593;14/08/1976
2594;11/11/1989
2595;03/01/1996
2596;11/12/1985
2597;10/06/1955
2598;09/04/1987
2599;15/05/1961
2600;08/08/1988
2601;07/09/1982
2602;13/10/1993
2603;05/03/1994
2604;12/07/1988
2605;09/08/1997
2606;06/03/1960
2607;05/09/1957
2608;10/12/1953
2609;10/12/1987
2610;13/02/1988
2611;02/11/2001
2612;15/01/1952
2613;11/05/1986
2614;08/08/1997
2615;11/02/1963
2616;12/05/1967
2617;04/05/1993
2618;05/02/1957
2619;08/04/1972
2620;04/01/1983
2621;13/03/1994
2622;13/07/1980
2623;11/02/1977
2624;05/04/1996
2625;14/02/1990
2626;02/02/1995
2627;07/11/1980
2628;10/12/1997
2629;04/11/1954
2630;15/09/1967
2631;11/09/1962
2632;13/05/1987
2633;05/01/1986
2634;13/09/1965
2635;13/11/1965
2636;12/05/1992
2637;13/05/1981
2638;04/03/1978
2639;08/11/1968
2640;15/12/1979
2641;01/03/1976
2642;13/10/1973
2643;11/12/1960
2644;03/02/1976
2645;09/07/1982
2646;12/12/1991
2647;07/08/1999
2648;03/11/1973
2649;15/01/2000
2650;09/01/1999
2651;11/09/1983
2652;05/09/1969
2653;05/07/1958
2654;03/07/1981
2655;15/04/1968
2656;11/11/1977
2657;02/06/1981
2658;01/03/1998
2659;13/06/1988
2660;12/10/1976
2661;08/04/1961
2662;09/11/1962
2663;04/08/1967
2664;12/02/1990
2665;05/10/1998
2666;13/01/1993
2667;03/07/1989
2668;05/01/1998
2669;11/04/1965
2670;13/02/1967
2671;03/01/1955
2672;06/11/1994
2673;10/12/1992
2674;10/08/1974
2675;02/04/1985
2676;01/07/1965
2677;11/08/1994
2678;08/03/1964
2679;10/01/1979
2680;04/01/1965
2681;14/05/1998
2682;02/12/1969
2683;06/01/2002
2684;10/08/1957
2685;12/07/1983
2686;03/04/1975
2687;08/01/1961
2688;05/10/1973
2689;03/12/1960
2690;12/01/1983
2691;04/07/1976
2692;13/08/1983
2693;08/05/1986
2694;15/09/1983
2695;10/08/1978
2696;01/08/1961
2697;15/10/1992
2698;02/01/1963
2699;06/06/1961
2700;03/04/1988
2701;04/12/1969
2702;08/02/1985
2703;05/09/1993
2704;09/06/1981
2705;02/07/1979
2706;09/03/1964
2707;15/04/1956
2708;02/03/1965
2709;08/07/1985
2710;13/03/1993
2711;04/03/1971
2712;09/12/2004
2713;11/10/1961
2714;13/10/1975
2715;05/08/1984
2716;13/09/1991
2717;09/12/1971
2718;03/05/1962
2719;04/05/1996
2720;01/12/1969
2721;02/02/1981
2722;02/02/2000
2723;15/10/1972
2724;03/02/1955
2725;06/02/1984
2726;04/02/1963
2727;01/08/1955
2728;04/11/1997
2729;05/03/1966
2730;11/06/1969
2731;12/07/1980
2732;09/07/1982
2733;09/02/1960
2734;05/02/1995
2735;09/02/1998
2736;09/09/1992
2737;03/03/2002
2738;12/09/1976
2739;02/12/1964
2740;13/12/1979
2741;05/05/1983
2742;09/04/1981
2743;14/02/1981
2744;05/08/1984
2745;15/09/1994
2746;10/03/1996
2747;02/07/1989
2748;06/03/1996
2749;07/04/1968
2750;09/09/1955
2751;15/12/1959
2752;06/08/1960
2753;08/02/1974
2754;13/11/1973
2755;13/05/1980
2756;10/02/1963
2757;14/06/1965
2758;09/07/1991
2759;09/03/1967
2760;05/05/1999
2761;03/08/1979
2762;03/01/1993
2763;03/08/1981
2764;01/06/1967
2765;14/01/1960
2766;07/05/1987
2767;11/02/1993
2768;12/07/1996
2769;07/12/1958
2770;13/02/1963
2771;13/08/1990
2772;11/06/1963
2773;06/05/1963
2774;13/10/1988
2775;13/07/1980
2776;12/07/1958
2777;15/07/1979
2778;06/03/1983
2779;08/04/1975
2780;12/12/1981
2781;13/07/1993
2782;07/08/1995
2783;04/02/1983
2784;06/05/1993
2785;08/09/1977
2786;05/09/1990
2787;01/12/1970
2788;12/05/1957
2789;01/09/1995
2790;02/09/1979
2791;07/01/1965
2792;04/04/1990
2793;06/06/1988
2794;02/03/1957
2795;03/06/1963
2796;13/06/1983
2797;04/09/1985
2798;05/11/1974
2799;14/08/1983
2800;06/09/1965
2801;01/05/1976
2802;04/12/1980
2803;11/01/1980
2804;03/11/1985
2805;15/01/1982
2806;07/01/1980
2807;15/07/1965
2808;14/09/2000
2809;11/11/1971
2810;14/04/2004
2811;10/07/1982
2812;12/02/1994
2813;04/06/1999
2814;14/05/1961
2815;13/06/1982
2816;09/12/1966
2817;04/12/1974
2818;04/01/1982
2819;14/07/2002
2820;09/03/1979
2821;15/01/1977
2822;13/05/1982
2823;10/06/1995
2824;15/01/2000
2825;15/05/1992
2826;09/12/1958
2827;01/05/1972
2828;10/12/1986
2829;12/09/1956
2830;01/08/1975
2831;09/02/1985
2832;03/10/1973
2833;06/05/1984
2834;08/04/1973
2835;10/12/1978
2836;04/12/1968
2837;02/04/1974
2838;11/01/1985
2839;15/10/1959
2840;02/12/1982
2841;10/11/1996
2842;10/06/1960
2843;05/04/1993
2844;05/06/1984
2845;02/11/1996
2846;06/01/1976
2847;10/03/1960
2848;01/01/1961
2849;14/01/1995
2850;10/02/1983
2851;03/01/1961
2852;09/03/1990
2853;15/12/1984
2854;04/10/1984
2855;06/08/1991
2856;15/02/2001
2857;04/02/1956
2858;09/06/1978
2859;07/09/1973
2860;12/10/1974
2861;07/04/1995
2862;07/12/1979
2863;04/11/1980
2864;14/10/1975
2865;09/11/2006
2866;10/05/1963
2867;15/03/1989
2868;09/06/1977
2869;14/04/1967
2870;12/12/1993
2871;03/10/1985
2872;12/02/1971
2873;05/11/1987
2874;02/10/1985
2875;07/04/1970
2876;01/09/1993
2877;04/09/1969
2878;14/12/1967
2879;10/12/1988
2880;01/03/1963
2881;02/05/1988
2882;10/07/1964
2883;08/02/1993
2884;13/03/1974
2885;12/12/1973
2886;04/08/1988
2887;04/01/1997
2888;09/08/1984
2889;06/04/1987
2890;15/04/1973
2891;02/08/1993
2892;14/06/1988
2893;07/10/1996
2894;02/03/1976
2895;10/10/1960
2896;03/11/1987
2897;12/11/2002
2898;01/08/1956
2899;14/07/1982
2900;07/02/1991
2901;08/07/1967
2902;06/08/1995
2903;13/10/1975
2904;06/06/1968
2905;10/06/1997
2906;02/09/1968
2907;11/01/1973
2908;09/12/1997
2909;12/05/1960
2910;13/05/1963
2911;07/03/1956
2912;04/10/1960
2913;15/10/1997
2914;06/10/1982
2915;03/05/1970
2916;03/04/1972
2917;02/01/1993
2918;10/12/1985
2919;11/05/1993
2920;08/02/1981
2921;05/06/1982
2922;05/08/1971
2923;11/06/1958
2924;10/05/2003
2925;06/02/1966
2926;03/01/1978
2927;12/07/1969
2928;15/11/1968
2929;13/05/1985
2930;11/09/1973
2931;07/04/1961
2932;12/05/1976
2933;02/02/1967
2934;02/04/1968
2935;10/09/1963
2936;11/07/1961
2937;09/08/1981
2938;12/08/1987
2939;06/11/1957
2940;08/06/1971
2941;13/08/1962
2942;08/03/1994
2943;11/11/1979
2944;04/01/1955
2945;04/05/1994
2946;11/06/1982
2947;12/11/2000
2948;10/04/1974
2949;02/08/1973
2950;03/09/1962
2951;08/10/1994
2952;02/10/1979
2953;02/08/1979
2954;10/11/1973
2955;03/07/1996
2956;15/05/1989
2957;08/01/2001
2958;02/08/1974
2959;15/09/1999
2960;15/08/1983
2961;02/03/1992
2962;14/09/1962
2963;01/12/1966
2964;12/05/1997
2965;11/12/1966
2966;10/12/1969
2967;10/06/1958
2968;07/05/1987
2969;10/09/1981
2970;10/12/1974
2971;05/06/1982
2972;04/11/1975
2973;07/04/1976
2974;10/10/1993
2975;13/04/1998
2976;14/06/1965
2977;15/03/1991
2978;08/12/1964
2979;15/12/1997
2980;14/12/1977
2981;04/11/1970
2982;10/12/1978
2983;12/11/1979
2984;03/08/2005
2985;05/02/1959
2986;15/03/1992
2987;11/04/1992
2988;10/08/1973
2989;06/09/1984
2990;12/12/1994
2991;13/01/1987
2992;12/05/1975
2993;06/03/1978
2994;06/12/1979
2995;07/04/1989
2996;12/11/1974
2997;03/01/1975
2998;14/10/1969
2999;03/02/1969
3000;04/05/1968
3001;04/03/1986
3002;11/05/1992
3003;15/04/1987
3004;15/02/2002
3005;11/05/1974
3006;07/12/1994
3007;03/07/1962
3008;07/05/1984
3009;14/03/2001
3010;09/07/1992
3011;05/02/2002
3012;07/04/1988
3013;09/12/1959
3014;10/02/1960
3015;01/01/1968
3016;10/04/1998
3017;05/05/1988
3018;11/12/1956
3019;03/10/1981
3020;01/09/1993
3021;13/06/1971
3022;12/10/1977
3023;15/04/1984
3024;09/10/1957
3025;06/12/1968
3026;07/05/1960
3027;08/09/1989
3028;03/06/1993
3029;12/07/2001
3030;07/06/1958
3031;13/06/1973
3032;01/03/1964
3033;09/03/1964
3034;12/08/1976
3035;08/02/1962
3036;06/01/1990
3037;03/09/1955
3038;13/04/1967
3039;13/01/1971
3040;14/10/1982
3041;13/04/1994
3042;01/05/1993
3043;08/07/1995
3044;12/10/1987
3045;11/08/1987
3046;06/01/1979
3047;05/08/1965
3048;07/06/1960
3049;03/09/2002
3050;13/08/1969
3051;08/04/1987
3052;07/01/2002
3053;08/05/1967
3054;05/10/1971
3055;08/06/1981
3056;02/05/1986
3057;11/03/1994
3058;11/06/1985
3059;09/07/1973
3060;08/12/1966
3061;13/08/1986
3062;11/06/1987
3063;09/05/1969
3064;03/01/1967
3065;04/05/1966
3066;10/01/1975
3067;08/06/1975
3068;04/12/1964
3069;05/07/1972
3070;14/09/1978
3071;05/03/1956
3072;14/01/1981
3073;15/09/1986
3074;10/03/2002
3075;09/06/1967
3076;03/02/1978
3077;02/03/1961
3078;01/12/1976
3079;08/07/1980
3080;12/12/1975
3081;05/06/1979
3082;02/07/1967
3083;08/12/1992
3084;05/12/1962
3085;06/07/1959
3086;04/09/1985
3087;11/06/1986
3088;07/08/1988
3089;15/11/1986
3090;13/05/2005
3091;06/02/1975
3092;10/05/1996
3093;07/04/1995
3094;10/10/1967
3095;15/12/1978
3096;06/05/1990
3097;07/11/1964
3098;10/08/1995
3099;15/08/1975
3100;10/11/1982
3101;07/01/1977
3102;05/07/1994
3103;05/05/1968
3104;07/07/1979
3105;15/12/1985
3106;15/04/1951
3107;10/12/1998
3108;05/04/1971
3109;12/03/1993
3110;03/11/1992
3111;14/06/1969
3112;01/02/1991
3113;10/09/1962
3114;05/12/1993
3115;02/10/1985
3116;14/11/1982
3117;02/07/1984
3118;13/09/1954
3119;01/02/1994
3120;11/12/1982
3121;01/12/1980
3122;02/01/1980
3123;02/06/1965
3124;09/02/1994
3125;15/03/1968
3126;11/05/1991
3127;05/03/1995
3128;09/05/1964
3129;09/12/1961
3130;02/12/1994
3131;14/09/1954
3132;13/12/1976
3133;11/10/1965
3134;03/05/1986
3135;03/03/1959
3136;10/08/1993
3137;12/12/1985
3138;07/02/1978
3139;04/08/1988
3140;01/04/1990
3141;04/01/1966
3142;01/03/1985
3143;08/09/1969
3144;09/02/1969
3145;01/03/1976
3146;04/04/1981
3147;14/11/1964
3148;03/02/1967
3149;15/06/1990
3150;07/08/1995
3151;12/08/1968
3152;07/06/1977
3153;02/07/1986
3154;15/10/1955
3155;07/12/1965
3156;05/11/1985
3157;11/04/1996
3158;09/12/1996
3159;10/11/1967
3160;10/02/1966
3161;07/04/1979
3162;08/04/1972
3163;03/08/1976
3164;04/02/1980
3165;12/05/1972
3166;14/01/1959
3167;02/01/1983
3168;07/12/1959
3169;11/01/1991
3170;15/10/1981
3171;14/09/1962
3172;01/06/1993
3173;15/02/1979
3174;15/03/1973
3175;04/12/1999
3176;01/10/1967
3177;03/08/1985
3178;07/06/1955
3179;12/11/1970
3180;13/01/1977
3181;04/08/1984
3182;14/03/1985
3183;09/12/1972
3184;01/02/1953
3185;14/06/1993
3186;04/05/1996
3187;08/12/1984
3188;03/06/1964
3189;05/07/1977
3190;05/07/1964
3191;11/08/1968
3192;05/03/1981
3193;13/12/1970
3194;08/07/1998
3195;05/03/1951
3196;03/03/1995
3197;07/04/2003
3198;03/04/1982
3199;14/10/1954
3200;06/10/1988
3201;06/12/1970
3202;05/02/1984
3203;12/08/1973
3204;04/01/1993
3205;11/02/1979
3206;11/12/2003
3207;14/03/1998
3208;15/09/1963
3209;10/09/1964
3210;07/03/1964
3211;15/09/1979
3212;01/06/1998
3213;05/07/1968
3214;05/07/1985
3215;02/07/1969
3216;03/11/1998
3217;05/09/1994
3218;14/01/1975
3219;03/01/1962
3220;13/04/1974
3221;08/06/1999
3222;02/10/2002
3223;05/08/1989
3224;08/03/1998
3225;11/10/1992
3226;06/01/1968
3227;07/07/1966
3228;01/12/1965
3229;13/05/1985
3230;14/06/1962
3231;08/10/1970
3232;13/05/1965
3233;07/04/1968
3234;03/03/1961
3235;07/01/1955
3236;02/10/1979
3237;08/11/1967
3238;04/05/1960
3239;06/01/1980
3240;11/08/1978
3241;04/11/1995
3242;01/12/1977
3243;07/02/1973
3244;11/12/1995
3245;13/01/1963
3246;01/05/1979
3247;09/01/1968
3248;13/01/1986
3249;06/02/1966
3250;13/04/1999
3251;14/02/1991
3252;05/09/1977
3253;13/05/1990
3254;11/11/1983
3255;11/10/1977
3256;01/09/1988
3257;06/11/1985
3258;11/09/1964
3259;09/07/1965
3260;02/11/1986
3261;10/12/1993
3262;09/01/1984
3263;14/07/1984
3264;15/07/1982
3265;11/04/1992
3266;07/10/1961
3267;15/04/1984
3268;05/05/1983
3269;14/10/1963
3270;10/08/1967
3271;05/06/1965
3272;07/05/1989
3273;07/10/1996
3274;11/04/1969
3275;06/04/1978
3276;13/06/1966
3277;13/04/1990
3278;09/07/1977
3279;09/12/1978
3280;04/01/1986
3281;14/12/1955
3282;07/04/2002
3283;02/08/1996
3284;03/07/1966
3285;10/10/2002
3286;05/03/1984
3287;11/03/1984
3288;14/08/1964
3289;11/11/1968
3290;03/02/1975
3291;11/07/1962
3292;14/11/1959
3293;03/10/1992
3294;08/06/1968
3295;07/10/1964
3296;07/01/1959
3297;05/01/1960
3298;15/11/1996
3299;02/03/1983
3300;15/03/1983
3301;06/11/1961
3302;08/06/1960
3303;03/01/1991
3304;12/01/1952
3305;09/10/1988
3306;12/07/1991
3307;12/12/1968
3308;14/08/1967
3309;10/05/1957
3310;01/08/1979
3311;11/01/1963
3312;12/10/1977
3313;14/07/1991
3314;06/01/1960
3315;05/05/1972
3316;02/11/1983
3317;02/02/1973
3318;03/04/1971
3319;04/09/1981
3320;14/11/1959
3321;02/07/1960
3322;14/07/1989
3323;13/02/1959
3324;01/10/1990
3325;01/06/1973
3326;06/04/1981
3327;15/04/2006
3328;06/12/1976
3329;01/07/1958
3330;09/04/1994
3331;03/05/1969
3332;11/04/1953
3333;01/09/1982
3334;05/07/1978
3335;01/07/1987
3336;04/01/1980
3337;14/03/1959
3338;01/02/1994
3339;13/01/1969
3340;01/03/1982
3341;08/04/1990
3342;06/11/1953
3343;09/08/1989
3344;11/02/1955
3345;07/10/1962
3346;11/10/1986
3347;02/09/1963
3348;11/09/1955
3349;10/01/1967
3350;13/07/1964
3351;15/02/1970
3352;08/08/1988
3353;01/10/2000
3354;08/09/1995
3355;12/10/1968
3356;03/03/1953
3357;14/07/1990
3358;02/01/1959
3359;03/06/1973
3360;08/06/1978
3361;14/05/1960
3362;05/04/2000
3363;13/01/2002
3364;05/11/1975
3365;09/06/1964
3366;07/05/1973
3367;01/03/1981
3368;11/02/1993
3369;04/06/1967
3370;14/01/1990
3371;10/11/1979
3372;14/06/1991
3373;02/09/1993
3374;09/08/1970
3375;03/05/1999
3376;05/08/1996
3377;08/10/1989
3378;01/07/1969
3379;07/07/1984
3380;14/02/2001
3381;01/05/1976
3382;03/12/1957
3383;15/08/1974
3384;10/01/1976
3385;06/03/1986
3386;08/06/1993
3387;05/02/1975
3388;12/12/1981
3389;01/11/1950
3390;13/12/1963
3391;12/08/1992
3392;14/12/1979
3393;02/09/1982
3394;04/11/1967
3395;14/07/1967
3396;14/07/1998
3397;15/01/1988
3398;14/12/1986
3399;15/04/2002
3400;04/08/1962
3401;14/08/1972
3402;15/02/1989
3403;08/11/1985
3404;02/11/1965
3405;12/01/1953
3406;02/03/1990
3407;11/12/1976
3408;03/05/1988
3409;01/11/1982
3410;04/04/1991
3411;01/05/1990
3412;09/01/1993
3413;06/09/1977
3414;09/04/1993
3415;03/03/1963
3416;14/02/1984
3417;14/03/1974
3418;12/10/1955
3419;04/08/1998
3420;11/02/1973
3421;12/12/1961
3422;02/11/2002
3423;07/05/1994
3424;15/03/1973
3425;12/03/1990
3426;02/06/1959
3427;14/01/1963
3428;04/12/1987
3429;01/01/1962
3430;13/01/1963
3431;09/10/1985
3432;06/05/1958
3433;03/03/1997
3434;07/09/1997
3435;14/04/1997
3436;14/07/1966
3437;02/07/2002
3438;11/06/1990
3439;03/10/1989
3440;12/11/1981
3441;07/06/1967
3442;11/06/1968
3443;12/03/1978
3444;04/02/1979
3445;15/07/1988
3446;03/11/1978
3447;02/02/1964
3448;06/06/1981
3449;05/12/1964
3450;08/03/1969
3451;04/09/1976
3452;12/11/1979
3453;14/08/1965
3454;11/08/1972
3455;04/01/1965
3456;08/05/1960
3457;15/10/1989
3458;12/10/1964
3459;08/12/1973
3460;10/10/1971
3461;02/05/1957
3462;08/01/2000
3463;11/01/1996
3464;06/06/1955
3465;09/09/1967
3466;13/09/1993
3467;05/06/1974
3468;04/07/1955
3469;08/05/1994
3470;13/09/1985
3471;07/03/1966
3472;09/01/1962
3473;03/11/1975
3474;13/02/1969
3475;09/04/1980
3476;02/09/2001
3477;09/09/2001
3478;02/08/1953
3479;08/01/1980
3480;07/07/1963
3481;04/07/1989
3482;15/11/1976
3483;02/08/1963
3484;12/03/1970
3485;12/10/1997
3486;06/05/1973
3487;15/12/1988
3488;02/07/1962
3489;14/04/1970
3490;14/11/1965
3491;02/05/1960
3492;07/04/1959
3493;08/12/1988
3494;12/10/1968
3495;02/08/1962
3496;15/04/1977
3497;04/12/1995
3498;06/08/1950
3499;02/02/1984
3500;08/06/1984
3501;11/05/1976
3502;01/07/1972
3503;11/02/1963
3504;08/01/1985
3505;14/06/1976
3506;01/02/1986
3507;06/08/1959
3508;11/10/1965
3509;07/02/1980
3510;06/03/1965
3511;06/08/1992
3512;12/08/1965
3513;11/08/1991
3514;03/12/1957
3515;06/08/1971
3516;15/08/1983
3517;01/01/1987
3518;10/10/1970
3519;12/10/1986
3520;06/04/1998
3521;03/09/1966
3522;15/11/1961
3523;11/12/1966
3524;04/01/1990
3525;13/08/1973
3526;01/05/1982
3527;11/07/1987
3528;14/12/1976
3529;05/07/1970
3530;06/12/1982
3531;05/12/1979
3532;05/01/1967
3533;04/09/1960
3534;13/02/1967
3535;04/12/1998
3536;12/08/1972
3537;12/11/1969
3538;11/01/1990
3539;08/12/1959
3540;03/03/1973
3541;06/05/2000
3542;15/01/1954
3543;13/02/1966
3544;04/06/1988
3545;13/04/1994
3546;10/12/2001
3547;01/06/1984
3548;11/08/1960
3549;05/03/1968
3550;09/09/1994
3551;07/01/1973
3552;12/01/1979
3553;09/02/1981
3554;05/12/1966
3555;07/06/1980
3556;12/09/1970
3557;11/08/1998
3558;12/06/1977
3559;15/02/1967
3560;07/05/1985
3561;03/03/1976
3562;10/06/1976
3563;06/04/1989
3564;12/03/1966
3565;13/09/1977
3566;11/11/1954
3567;11/09/1970
3568;09/04/1959
3569;11/08/1967
3570;01/08/1961
3571;06/11/1959
3572;02/03/1972
3573;07/07/1971
3574;15/11/1996
3575;01/12/1978
3576;08/03/1987
3577;05/10/1985
3578;15/06/1998
3579;06/05/1974
3580;08/02/1961
3581;03/05/1969
3582;02/09/1971
3583;04/07/1969
3584;10/07/1957
3585;05/07/1994
3586;15/10/1988
3587;15/01/1975
3588;12/05/1955
3589;10/06/1972
3590;13/02/1966
3591;10/11/1964
3592;04/06/1986
3593;10/09/1982
3594;04/03/1976
3595;03/05/1985
3596;15/10/1966
3597;14/05/1979
3598;01/12/1984
3599;08/04/1958
3600;01/04/2005
3601;01/04/1982
3602;05/10/1954
3603;11/05/1976
3604;09/07/1999
3605;02/11/1960
3606;10/12/1966
3607;11/03/1960
3608;08/04/1979
3609;15/04/1963
3610;10/12/1957
3611;11/09/1966
3612;10/06/1970
3613;01/02/1971
3614;12/03/1977
3615;09/11/1960
3616;15/03/1974
3617;11/07/1975
3618;06/09/1984
3619;08/11/1961
3620;08/09/1992
3621;10/04/1959
3622;13/04/1983
3623;07/10/1965
3624;02/02/1969
3625;08/08/1981
3626;11/04/1984
3627;08/12/1990
3628;03/07/1982
3629;15/12/1995
3630;10/04/1975
3631;09/11/1973
3632;13/07/1998
3633;14/02/1993
3634;13/06/1981
3635;02/07/1980
3636;12/12/1982
3637;09/10/1965
3638;06/03/1974
3639;09/06/1990
3640;02/02/1988
3641;06/05/1972
3642;04/07/1975
3643;09/05/1987
3644;06/09/1978
3645;14/07/1996
3646;09/11/1963
3647;02/02/1979
3648;08/02/1959
3649;13/04/1974
3650;05/12/1951
3651;07/06/1954
3652;07/06/1969
3653;08/01/1980
3654;07/11/1990
3655;11/10/1976
3656;08/08/1989
3657;15/06/1989
3658;02/04/1999
3659;15/06/1987
3660;09/02/2001
3661;13/05/1972
3662;08/02/1977
3663;05/08/1964
3664;05/11/1994
3665;03/08/1992
3666;13/01/1994
3667;07/07/1964
3668;05/04/1966
3669;05/07/1975
3670;02/09/1970
3671;06/12/1975
3672;07/07/1965
3673;15/04/1980
3674;10/05/1958
3675;13/09/1970
3676;09/02/1985
3677;12/01/1952
3678;10/06/1964
3679;14/10/1994
3680;07/03/1979
3681;06/04/1988
3682;09/04/1970
3683;13/06/1986
3684;09/11/1993
3685;04/05/1968
3686;10/10/1977
3687;01/02/1970
3688;01/04/1997
3689;03/04/1978
3690;07/05/1963
3691;11/01/1984
3692;08/02/1959
3693;04/12/1958
3694;13/02/1998
3695;05/11/1970
3696;03/12/1980
3697;15/08/1966
3698;08/12/1953
3699;01/04/1976
3700;11/06/1959
3701;10/07/1960
3702;06/05/1997
3703;12/02/1989
3704;14/03/1982
3705;09/03/1966
3706;08/02/2006
3707;04/11/1994
3708;04/04/1998
3709;02/10/1986
3710;10/08/2000
3711;10/11/1958
3712;11/11/1978
3713;05/04/1983
3714;14/12/1998
3715;06/12/1964
3716;07/12/1955
3717;07/07/1956
3718;14/08/1962
3719;06/01/1977
3720;15/04/1965
3721;08/01/1984
3722;07/08/1969
3723;08/01/1983
3724;06/04/1993
3725;06/01/1957
3726;05/07/1966
3727;13/07/1986
3728;11/07/1963
3729;04/11/1962
3730;14/06/1967
3731;03/05/1984
3732;01/10/1985
3733;10/12/1977
3734;12/07/1993
3735;02/05/1966
3736;11/01/1970
3737;12/09/1989
3738;12/03/2003
3739;15/10/1994
3740;10/10/1978
3741;01/01/1970
3742;02/09/1983
3743;11/05/1997
3744;11/10/1989
3745;03/10/1983
3746;13/05/1966
3747;03/02/1993
3748;14/03/1964
3749;15/07/1965
3750;12/10/1999
3751;03/05/1964
3752;07/12/1961
3753;05/03/1976
3754;15/05/1965
3755;06/04/1968
3756;06/05/1976
3757;02/01/1980
3758;11/05/1982
3759;02/04/1982
3760;05/08/1961
3761;15/02/1976
3762;12/09/1998
3763;06/11/1983
3764;11/01/1970
3765;07/02/1977
3766;07/06/1952
3767;15/05/1975
3768;09/05/1970
3769;08/12/2000
3770;06/11/1966
3771;12/03/1978
3772;04/02/1984
3773;05/04/1985
3774;04/02/1993
3775;02/02/1972
3776;01/08/1982
3777;10/01/2002
3778;10/05/1988
3779;06/03/1973
3780;06/01/1988
3781;12/05/1979
3782;15/01/1999
3783;07/01/1965
3784;09/11/1985
3785;11/04/1980
3786;14/08/1971
3787;11/10/1970
3788;11/11/1997
3789;03/12/1962
3790;04/12/1987
3791;09/02/1980
3792;10/07/1999
3793;04/05/1970
3794;05/03/1969
3795;04/09/1998
3796;05/05/1963
3797;02/08/1968
3798;03/01/1965
3799;03/01/1990
3800;02/08/1983
3801;12/01/1981
3802;10/01/1978
3803;11/03/1969
3804;06/06/1977
3805;15/01/1964
3806;04/08/1985
3807;14/11/1972
3808;12/11/1977
3809;15/01/1990
3810;09/01/1973
3811;12/05/1994
3812;14/10/1994
3813;07/05/1985
3814;01/03/1995
3815;05/03/1957
3816;07/04/1976
3817;05/05/1976
3818;14/01/1956
3819;07/08/1981
3820;03/09/1965
3821;03/09/1971
3822;06/06/1987
3823;08/11/1973
3824;01/03/1954
3825;01/04/1991
3826;07/05/1966
3827;02/02/1968
3828;08/04/1990
3829;12/11/1976
3830;06/11/1969
3831;03/02/1970
3832;09/09/2002
3833;02/08/1964
3834;10/09/1979
3835;01/01/1973
3836;01/07/1991
3837;02/12/1982
3838;12/12/1994
3839;06/09/1965
3840;09/01/1962
3841;05/12/1974
3842;02/04/1960
3843;02/04/1991
3844;14/01/1972
3845;01/06/1973
3846;04/11/2003
3847;14/06/1993
3848;13/04/1976
3849;10/08/2001
3850;14/10/1963
3851;05/05/1974
3852;15/08/1997
3853;08/12/1987
3854;13/03/1969
3855;08/09/1975
3856;06/02/1989
3857;14/03/1979
3858;11/12/1963
3859;06/07/1996
3860;09/01/1996
3861;05/05/1963
3862;01/09/1964
3863;05/10/1992
3864;08/07/1967
3865;07/12/1968
3866;10/07/1965
3867;09/07/1983
3868;14/03/1968
3869;08/05/1959
3870;04/10/1986
3871;06/05/1977
3872;07/05/1979
3873;15/04/1980
3874;02/06/1995
3875;15/05/1968
3876;12/09/1960
3877;10/04/1996
3878;11/05/1983
3879;06/05/1952
3880;06/06/1965
3881;03/06/1961
3882;10/07/1988
3883;06/04/1974
3884;14/07/1970
3885;15/06/1994
3886;02/06/1992
3887;10/03/1969
3888;09/10/1974
3889;06/12/1998
3890;12/02/1978
3891;06/03/1981
3892;10/01/1996
3893;06/12/1954
3894;01/02/1965
3895;04/10/1954
3896;02/02/1974
3897;13/02/1977
3898;15/12/1967
3899;05/11/1989
3900;11/09/2000
3901;03/06/1989
3902;04/06/1956
3903;01/05/1998
3904;15/02/1954
3905;09/02/1974
3906;13/07/1986
3907;02/05/1974
3908;04/06/2000
3909;12/09/2002
3910;08/03/1969
3911;10/08/1994
3912;13/08/1977
3913;14/09/1968
3914;05/09/1983
3915;09/03/2002
3916;13/05/1978
3917;02/06/1963
3918;15/10/1973
3919;03/08/1984
3920;08/10/1997
3921;05/02/1956
3922;02/02/1973
3923;01/07/1996
3924;14/03/1952
3925;04/07/1978
3926;12/10/1979
3927;03/11/2001
3928;02/03/1966
3929;09/10/1988
3930;03/10/1978
3931;15/01/1989
3932;10/01/1981
3933;06/04/1980
3934;13/01/1995
3935;13/02/1980
3936;13/03/1983
3937;05/01/1996
3938;03/03/1960
3939;11/12/1953
3940;12/12/2001
3941;05/08/1962
3942;08/06/1980
3943;12/04/1960
3944;14/01/1977
3945;02/09/2004
3946;13/02/1996
3947;11/10/1985
3948;13/12/1970
3949;05/07/1998
3950;03/04/1970
3951;07/03/1970
3952;12/06/1981
3953;09/10/1958
3954;01/08/1957
3955;15/01/1972
3956;07/11/1997
3957;06/10/2001
3958;13/07/1967
3959;04/11/1968
3960;01/01/1979
3961;03/11/1960
3962;06/02/1989
3963;04/07/1953
3964;07/01/1965
3965;12/09/1996
3966;14/02/1994
3967;04/12/1964
3968;10/04/1969
3969;02/09/1967
3970;06/01/1960
3971;10/06/1966
3972;15/02/1996
3973;10/08/1962
3974;14/02/1957
3975;14/04/1961
3976;01/12/1981
3977;01/12/1957
3978;07/09/1993
3979;07/12/1977
3980;09/04/1986
3981;04/02/1977
3982;08/03/1965
3983;05/04/1971
3984;11/03/1988
3985;11/03/1989
3986;06/06/1979
3987;13/01/1975
3988;02/05/1998
3989;04/05/1993
3990;05/05/2001
3991;11/02/1969
3992;05/08/1988
3993;15/06/1981
3994;08/03/1998
3995;13/04/1960
3996;01/01/1962
3997;13/11/1969
3998;04/09/1955
3999;15/09/1988
4000;05/11/1996
4001;09/06/1979
4002;15/04/1990
4003;15/07/1973
4004;08/11/2000
4005;08/11/1963
4006;05/10/1984
4007;01/09/1992
4008;07/01/1998
4009;09/10/1967
4010;06/01/1975
4011;11/05/1995
4012;01/02/1961
4013;13/10/1965
4014;13/12/1965
4015;12/10/1963
4016;15/07/1994
4017;10/05/1966
4018;06/05/2000
4019;10/07/1973
4020;03/01/1979
4021;11/03/1969
4022;04/10/2003
4023;10/05/2002
4024;06/02/1986
4025;15/05/1969
4026;10/01/1966
4027;09/12/1978
4028;10/04/1982
4029;14/01/1963
4030;15/05/1971
4031;05/06/1998
4032;08/05/1970
4033;11/05/1967
4034;06/10/1993
4035;08/04/1988
4036;15/04/1973
4037;11/04/1956
4038;06/05/1996
4039;13/01/1997
4040;12/12/1964
4041;05/04/1982
4042;02/03/1956
4043;14/06/1992
4044;12/11/1972
4045;08/08/1955
4046;11/09/1984
4047;06/03/1989
4048;04/01/1975
4049;10/05/1989
4050;06/12/1954
4051;02/01/1998
4052;04/06/1980
4053;04/12/1998
4054;05/02/1960
4055;03/03/1956
4056;03/05/1964
4057;13/07/1998
4058;05/12/1985
4059;04/05/1993
4060;04/04/1970
4061;08/02/1956
4062;06/05/1977
4063;14/07/1981
4064;07/02/1975
4065;10/03/2000
4066;05/02/1999
4067;02/04/1994
4068;08/03/2000
4069;10/10/1959
4070;04/02/1981
4071;13/09/1983
4072;13/04/1986
4073;12/05/1988
4074;08/06/1966
4075;14/10/1971
4076;15/12/1966
4077;08/12/1957
4078;05/12/1988
4079;08/11/1966
4080;13/06/1976
4081;01/04/1951
4082;01/07/1990
4083;11/05/1951
4084;01/07/1964
4085;02/09/1979
4086;14/11/1979
4087;15/07/1963
4088;14/02/1975
4089;06/10/1960
4090;07/04/1974
4091;03/06/1961
4092;09/02/1985
4093;10/06/1990
4094;03/03/1984
4095;14/09/1983
4096;05/01/1967
4097;05/08/1957
4098;10/04/1995
4099;03/01/1979
4100;10/11/1973
4101;04/02/1999
4102;07/03/1974
4103;01/02/1959
4104;12/11/1991
4105;06/06/1963
4106;05/01/1962
4107;04/06/1986
4108;05/09/1993
4109;15/09/1967
4110;12/07/1961
4111;14/12/1986
4112;15/06/1957
4113;01/12/1969
4114;13/01/1968
4115;09/05/1999
4116;15/01/1956
4117;06/04/1953
4118;08/08/1989
4119;14/11/1993
4120;08/05/1982
4121;07/04/1982
4122;09/12/1997
4123;02/03/1960
4124;11/02/1986
4125;12/11/1989
4126;01/03/1967
4127;05/03/1976
4128;08/10/1962
4129;02/01/1976
4130;03/11/1971
4131;03/01/1972
4132;04/04/1969
