Index;Gender
1;w
2;w
3;w
4;m
5;m
6;w
7;m
8;w
9;m
10;w
11;m
12;m
13;w
14;w
15;m
16;m
17;w
18;m
19;m
20;m
21;w
22;w
23;m
24;m
25;m
26;m
27;w
28;w
29;m
30;m
31;w
32;w
33;w
34;m
35;m
36;m
37;m
38;w
39;m
40;w
41;w
42;w
43;m
44;m
45;w
46;m
47;m
48;m
49;w
50;w
51;w
52;w
53;w
54;w
55;m
56;w
57;w
58;w
59;w
60;m
61;w
62;m
63;w
64;w
65;m
66;w
67;w
68;m
69;m
70;m
71;w
72;m
73;m
74;w
75;m
76;w
77;m
78;m
79;m
80;m
81;w
82;w
83;m
84;w
85;m
86;w
87;w
88;w
89;m
90;w
91;m
92;m
93;w
94;m
95;w
96;m
97;w
98;m
99;w
100;m
101;w
102;w
103;w
104;w
105;m
106;w
107;m
108;w
109;m
110;m
111;m
112;m
113;w
114;w
115;w
116;w
117;w
118;w
119;w
120;w
121;w
122;m
123;w
124;w
125;w
126;w
127;w
128;w
129;w
130;m
131;m
132;m
133;m
134;m
135;m
136;m
137;m
138;m
139;m
140;w
141;m
142;w
143;m
144;m
145;m
146;m
147;m
148;m
149;m
150;w
151;w
152;w
153;w
154;m
155;w
156;m
157;w
158;m
159;w
160;m
161;w
162;m
163;w
164;m
165;w
166;w
167;m
168;m
169;m
170;m
171;w
172;m
173;w
174;m
175;w
176;m
177;m
178;m
179;w
180;m
181;w
182;m
183;w
184;m
185;w
186;m
187;w
188;m
189;w
190;m
191;w
192;m
193;w
194;m
195;w
196;m
197;w
198;m
199;m
200;m
201;m
202;m
203;m
204;w
205;w
206;w
207;m
208;w
209;m
210;w
211;m
212;m
213;m
214;m
215;m
216;w
217;w
218;w
219;w
220;w
221;w
222;m
223;w
224;m
225;w
226;m
227;w
228;m
229;w
230;m
231;w
232;m
233;w
234;m
235;w
236;m
237;w
238;m
239;w
240;m
241;w
242;m
243;w
244;w
245;w
246;w
247;w
248;w
249;m
250;w
251;m
252;w
253;m
254;w
255;m
256;m
257;m
258;m
259;m
260;m
261;w
262;m
263;w
264;m
265;w
266;m
267;w
268;m
269;w
270;m
271;w
272;m
273;w
274;m
275;w
276;m
277;w
278;m
279;w
280;m
281;w
282;m
283;w
284;m
285;w
286;m
287;w
288;m
289;w
290;m
291;w
292;m
293;w
294;w
295;w
296;m
297;m
298;m
299;w
300;w
301;w
302;w
303;w
304;m
305;w
306;m
307;w
308;m
309;w
310;m
311;w
312;m
313;w
314;m
315;w
316;m
317;w
318;m
319;w
320;m
321;w
322;m
323;w
324;m
325;w
326;m
327;w
328;m
329;m
330;m
331;m
332;m
333;m
334;m
335;m
336;m
337;m
338;m
339;w
340;m
341;w
342;m
343;w
344;m
345;w
346;m
347;w
348;m
349;w
350;m
351;w
352;m
353;w
354;m
355;w
356;m
357;w
358;m
359;w
360;m
361;w
362;m
363;w
364;m
365;m
366;m
367;m
368;m
369;m
370;m
371;m
372;m
373;m
374;m
375;m
376;m
377;m
378;m
379;w
380;m
381;w
382;w
383;w
384;w
385;w
386;w
387;w
388;w
389;w
390;m
391;w
392;m
393;w
394;m
395;w
396;m
397;w
398;m
399;w
400;m
401;w
402;m
403;w
404;m
405;w
406;m
407;m
408;m
409;m
410;m
411;m
412;m
413;m
414;m
415;m
416;m
417;m
418;m
419;m
420;w
421;w
422;w
423;w
424;w
425;w
426;w
427;w
428;w
429;w
430;w
431;w
432;w
433;w
434;w
435;m
436;w
437;m
438;w
439;m
440;w
441;m
442;w
443;m
444;w
445;m
446;w
447;m
448;w
449;m
450;w
451;m
452;w
453;m
454;w
455;m
456;w
457;m
458;w
459;m
460;w
461;m
462;w
463;m
464;w
465;m
466;w
467;m
468;m
469;m
470;m
471;m
472;m
473;m
474;m
475;m
476;m
477;m
478;m
479;m
480;m
481;m
482;m
483;m
484;m
485;m
486;m
487;m
488;m
489;m
490;m
491;m
492;m
493;m
494;m
495;m
496;w
497;m
498;w
499;m
500;w
501;m
502;w
503;m
504;w
505;m
506;w
507;m
508;w
509;w
510;w
511;w
512;w
513;w
514;w
515;w
516;w
517;w
518;w
519;w
520;w
521;w
522;m
523;w
524;m
525;w
526;m
527;w
528;m
529;w
530;m
531;w
532;m
533;w
534;m
535;w
536;m
537;w
538;m
539;w
540;m
541;w
542;m
543;w
544;m
545;w
546;m
547;w
548;m
549;m
550;m
551;m
552;m
553;m
554;m
555;m
556;m
557;m
558;m
559;m
560;m
561;m
562;m
563;m
564;m
565;m
566;m
567;m
568;m
569;m
570;m
571;m
572;m
573;m
574;m
575;m
576;m
577;m
578;m
579;m
580;m
581;m
582;m
583;m
584;m
585;w
586;w
587;w
588;w
589;w
590;w
591;w
592;w
593;w
594;w
595;w
596;w
597;w
598;w
599;w
600;w
601;w
602;w
603;w
604;w
605;w
606;w
607;w
608;w
609;w
610;w
611;w
612;w
613;w
614;m
615;w
616;m
617;w
618;m
619;w
620;m
621;w
622;m
623;w
624;m
625;w
626;m
627;w
628;m
629;w
630;m
631;w
632;m
633;w
634;m
635;w
636;m
637;w
638;m
639;w
640;m
641;w
642;m
643;w
644;m
645;w
646;m
647;w
648;m
649;w
650;m
651;w
652;m
653;w
654;m
655;w
656;m
657;w
658;m
659;m
660;m
661;m
662;m
663;m
664;m
665;m
666;m
667;m
668;m
669;m
670;m
671;m
672;m
673;m
674;m
675;m
676;m
677;m
678;m
679;m
680;m
681;m
682;m
683;m
684;m
685;m
686;m
687;m
688;m
689;m
690;m
691;m
692;m
693;m
694;m
695;m
696;m
697;m
698;w
699;m
700;w
701;m
702;w
703;m
704;w
705;m
706;w
707;m
708;w
709;m
710;w
711;m
712;w
713;m
714;w
715;m
716;w
717;m
718;w
719;m
720;w
721;m
722;w
723;m
724;w
725;m
726;w
727;m
728;w
729;m
730;m
731;m
732;m
733;m
734;m
735;w
736;w
737;w
738;w
739;w
740;w
741;w
742;w
743;w
744;w
745;w
746;w
747;w
748;w
749;w
750;w
751;w
752;w
753;w
754;w
755;w
756;w
757;w
758;w
759;w
760;w
761;w
762;w
763;w
764;w
765;w
766;w
767;w
768;w
769;w
770;w
771;w
772;m
773;w
774;m
775;w
776;m
777;w
778;m
779;w
780;m
781;w
782;m
783;w
784;m
785;w
786;m
787;w
788;m
789;w
790;m
791;w
792;m
793;w
794;m
795;w
796;m
797;w
798;m
799;w
800;m
801;w
802;m
803;w
804;m
805;w
806;m
807;w
808;m
809;w
810;m
811;w
812;m
813;w
814;m
815;w
816;m
817;w
818;m
819;w
820;m
821;w
822;m
823;w
824;m
825;w
826;m
827;w
828;m
829;w
830;m
831;w
832;m
833;w
834;m
835;w
836;m
837;w
838;m
839;w
840;m
841;w
842;m
843;w
844;m
845;w
846;m
847;w
848;m
849;w
850;m
851;w
852;m
853;w
854;m
855;w
856;m
857;w
858;m
859;w
860;m
861;w
862;m
863;w
864;m
865;w
866;m
867;w
868;m
869;w
870;m
871;w
872;m
873;w
874;m
875;w
876;m
877;w
878;m
879;w
880;m
881;w
882;m
883;w
884;m
885;w
886;m
887;w
888;m
889;w
890;m
891;w
892;m
893;w
894;m
895;w
896;m
897;m
898;m
899;m
900;m
901;m
902;m
903;m
904;m
905;m
906;m
907;m
908;m
909;m
910;m
911;m
912;m
913;m
914;m
915;m
916;m
917;m
918;m
919;m
920;m
921;m
922;m
923;m
924;m
925;m
926;m
927;m
928;m
929;m
930;m
931;m
932;m
933;m
934;m
935;m
936;m
937;m
938;m
939;w
940;w
941;w
942;w
943;w
944;w
945;w
946;w
947;w
948;w
949;w
950;w
951;w
952;w
953;w
954;w
955;w
956;w
957;w
958;w
959;w
960;w
961;w
962;w
963;w
964;w
965;w
966;w
967;w
968;w
969;w
970;w
971;w
972;w
973;w
974;w
975;w
976;w
977;w
978;w
979;m
980;w
981;m
982;w
983;m
984;w
985;m
986;w
987;m
988;w
989;m
990;w
991;m
992;w
993;m
994;w
995;m
996;w
997;m
998;w
999;m
1000;w
1001;m
1002;w
1003;m
1004;w
1005;m
1006;w
1007;m
1008;w
1009;m
1010;w
1011;m
1012;w
1013;m
1014;w
1015;m
1016;w
1017;m
1018;w
1019;m
1020;w
1021;m
1022;w
1023;m
1024;w
1025;m
1026;w
1027;m
1028;w
1029;m
1030;w
1031;m
1032;w
1033;m
1034;w
1035;m
1036;w
1037;m
1038;w
1039;m
1040;w
1041;m
1042;w
1043;m
1044;w
1045;m
1046;w
1047;m
1048;w
1049;m
1050;w
1051;m
1052;w
1053;m
1054;w
1055;m
1056;w
1057;m
1058;w
1059;m
1060;w
1061;m
1062;w
1063;m
1064;w
1065;m
1066;w
1067;m
1068;w
1069;m
1070;w
1071;m
1072;w
1073;m
1074;w
1075;m
1076;w
1077;m
1078;w
1079;m
1080;w
1081;m
1082;w
1083;m
1084;w
1085;m
1086;w
1087;m
1088;w
1089;m
1090;w
1091;m
1092;w
1093;m
1094;w
1095;m
1096;w
1097;m
1098;w
1099;m
1100;w
1101;m
1102;w
1103;m
1104;w
1105;m
1106;w
1107;m
1108;w
1109;m
1110;w
1111;m
1112;w
1113;m
1114;w
1115;m
1116;w
1117;m
1118;w
1119;m
1120;w
1121;m
1122;w
1123;m
1124;w
1125;m
1126;w
1127;m
1128;w
1129;m
1130;w
1131;m
1132;w
1133;m
1134;w
1135;m
1136;w
1137;m
1138;w
1139;m
1140;w
1141;m
1142;w
1143;m
1144;w
1145;m
1146;w
1147;m
1148;w
1149;m
1150;w
1151;m
1152;w
1153;m
1154;w
1155;m
1156;w
1157;m
1158;w
1159;m
1160;w
1161;m
1162;w
1163;m
1164;w
1165;m
1166;w
1167;m
1168;w
1169;m
1170;w
1171;m
1172;w
1173;m
1174;w
1175;m
1176;w
1177;m
1178;w
1179;m
1180;w
1181;m
1182;w
1183;w
1184;w
1185;w
1186;w
1187;m
1188;w
1189;m
1190;w
1191;m
1192;w
1193;w
1194;m
1195;m
1196;w
1197;m
1198;w
1199;m
1200;w
1201;m
1202;w
1203;m
1204;w
1205;m
1206;w
1207;m
1208;w
1209;m
1210;w
1211;m
1212;w
1213;m
1214;w
1215;m
1216;w
1217;m
1218;w
1219;m
1220;w
1221;m
1222;w
1223;m
1224;w
1225;m
1226;w
1227;m
1228;w
1229;m
1230;w
1231;m
1232;w
1233;w
1234;w
1235;w
1236;w
1237;w
1238;w
1239;m
1240;w
1241;m
1242;w
1243;m
1244;w
1245;m
1246;w
1247;m
1248;w
1249;m
1250;w
1251;m
1252;w
1253;m
1254;w
1255;m
1256;w
1257;m
1258;w
1259;m
1260;w
1261;m
1262;w
1263;m
1264;w
1265;m
1266;w
1267;m
1268;w
1269;m
1270;w
1271;m
1272;w
1273;m
1274;w
1275;m
1276;w
1277;m
1278;w
1279;m
1280;w
1281;m
1282;w
1283;m
1284;w
1285;m
1286;w
1287;m
1288;w
1289;m
1290;w
1291;m
1292;w
1293;m
1294;w
1295;m
1296;w
1297;m
1298;w
1299;m
1300;w
1301;m
1302;w
1303;m
1304;w
1305;m
1306;w
1307;m
1308;w
1309;m
1310;w
1311;m
1312;w
1313;m
1314;w
1315;m
1316;w
1317;m
1318;w
1319;m
1320;w
1321;m
1322;w
1323;m
1324;w
1325;m
1326;w
1327;m
1328;w
1329;m
1330;w
1331;m
1332;w
1333;m
1334;w
1335;m
1336;w
1337;m
1338;w
1339;m
1340;w
1341;m
1342;w
1343;m
1344;w
1345;m
1346;w
1347;m
1348;w
1349;m
1350;w
1351;m
1352;w
1353;m
1354;w
1355;m
1356;w
1357;m
1358;w
1359;m
1360;w
1361;m
1362;w
1363;m
1364;w
1365;m
1366;w
1367;m
1368;w
1369;m
1370;w
1371;m
1372;w
1373;m
1374;w
1375;m
1376;w
1377;m
1378;w
1379;m
1380;w
1381;m
1382;w
1383;m
1384;w
1385;m
1386;w
1387;m
1388;w
1389;m
1390;w
1391;m
1392;w
1393;m
1394;w
1395;m
1396;w
1397;m
1398;w
1399;m
1400;w
1401;m
1402;w
1403;m
1404;w
1405;m
1406;w
1407;m
1408;w
1409;m
1410;w
1411;m
1412;w
1413;m
1414;w
1415;m
1416;w
1417;m
1418;w
1419;m
1420;w
1421;m
1422;w
1423;m
1424;w
1425;m
1426;w
1427;m
1428;w
1429;m
1430;w
1431;m
1432;w
1433;m
1434;w
1435;m
1436;w
1437;m
1438;w
1439;m
1440;w
1441;m
1442;w
1443;m
1444;w
1445;m
1446;w
1447;m
1448;w
1449;m
1450;w
1451;m
1452;w
1453;m
1454;w
1455;m
1456;w
1457;m
1458;w
1459;m
1460;w
1461;m
1462;w
1463;m
1464;w
1465;m
1466;w
1467;m
1468;w
1469;m
1470;w
1471;m
1472;w
1473;m
1474;w
1475;m
1476;w
1477;m
1478;w
1479;m
1480;w
1481;m
1482;w
1483;m
1484;w
1485;m
1486;w
1487;m
1488;w
1489;m
1490;w
1491;m
1492;w
1493;m
1494;w
1495;m
1496;w
1497;m
1498;w
1499;m
1500;w
1501;m
1502;w
1503;m
1504;w
1505;m
1506;w
1507;m
1508;w
1509;m
1510;w
1511;m
1512;w
1513;m
1514;w
1515;m
1516;w
1517;m
1518;w
1519;m
1520;w
1521;m
1522;w
1523;m
1524;w
1525;m
1526;m
1527;m
1528;m
1529;m
1530;m
1531;m
1532;m
1533;m
1534;m
1535;m
1536;m
1537;m
1538;m
1539;w
1540;w
1541;w
1542;w
1543;w
1544;w
1545;w
1546;w
1547;w
1548;w
1549;w
1550;w
1551;w
1552;w
1553;w
1554;w
1555;w
1556;w
1557;w
1558;w
1559;w
1560;w
1561;w
1562;w
1563;w
1564;w
1565;w
1566;w
1567;w
1568;w
1569;w
1570;w
1571;w
1572;w
1573;w
1574;w
1575;w
1576;w
1577;w
1578;w
1579;w
1580;w
1581;w
1582;m
1583;w
1584;m
1585;w
1586;m
1587;w
1588;m
1589;w
1590;m
1591;w
1592;m
1593;w
1594;m
1595;w
1596;m
1597;w
1598;m
1599;w
1600;m
1601;w
1602;m
1603;w
1604;m
1605;w
1606;m
1607;w
1608;m
1609;w
1610;m
1611;w
1612;m
1613;w
1614;m
1615;w
1616;m
1617;w
1618;m
1619;w
1620;m
1621;w
1622;m
1623;w
1624;m
1625;w
1626;m
1627;w
1628;m
1629;w
1630;m
1631;w
1632;m
1633;w
1634;m
1635;w
1636;m
1637;w
1638;m
1639;w
1640;m
1641;w
1642;m
1643;w
1644;m
1645;w
1646;m
1647;w
1648;m
1649;w
1650;m
1651;w
1652;m
1653;w
1654;m
1655;w
1656;m
1657;w
1658;m
1659;w
1660;m
1661;w
1662;m
1663;w
1664;m
1665;w
1666;m
1667;w
1668;m
1669;w
1670;m
1671;w
1672;m
1673;w
1674;m
1675;w
1676;m
1677;w
1678;m
1679;w
1680;m
1681;w
1682;m
1683;w
1684;m
1685;w
1686;m
1687;w
1688;m
1689;w
1690;m
1691;w
1692;m
1693;w
1694;m
1695;w
1696;m
1697;w
1698;m
1699;w
1700;m
1701;w
1702;m
1703;w
1704;m
1705;w
1706;m
1707;w
1708;m
1709;w
1710;m
1711;w
1712;m
1713;w
1714;m
1715;w
1716;m
1717;w
1718;m
1719;w
1720;m
1721;w
1722;m
1723;w
1724;m
1725;w
1726;m
1727;w
1728;m
1729;w
1730;m
1731;w
1732;m
1733;w
1734;m
1735;w
1736;m
1737;w
1738;m
1739;w
1740;m
1741;w
1742;m
1743;w
1744;m
1745;w
1746;m
1747;w
1748;m
1749;w
1750;m
1751;w
1752;m
1753;w
1754;m
1755;w
1756;m
1757;w
1758;m
1759;w
1760;m
1761;w
1762;m
1763;w
1764;m
1765;w
1766;m
1767;w
1768;m
1769;w
1770;m
1771;w
1772;m
1773;w
1774;m
1775;w
1776;m
1777;w
1778;m
1779;w
1780;m
1781;w
1782;m
1783;w
1784;m
1785;w
1786;m
1787;w
1788;m
1789;w
1790;m
1791;w
1792;m
1793;w
1794;m
1795;w
1796;m
1797;w
1798;m
1799;w
1800;m
1801;w
1802;m
1803;w
1804;m
1805;w
1806;m
1807;w
1808;m
1809;w
1810;m
1811;w
1812;m
1813;w
1814;m
1815;w
1816;m
1817;w
1818;m
1819;w
1820;m
1821;w
1822;m
1823;w
1824;m
1825;w
1826;m
1827;w
1828;m
1829;w
1830;m
1831;w
1832;m
1833;w
1834;m
1835;w
1836;m
1837;w
1838;m
1839;w
1840;m
1841;w
1842;m
1843;w
1844;m
1845;w
1846;m
1847;w
1848;m
1849;w
1850;m
1851;w
1852;m
1853;w
1854;m
1855;w
1856;m
1857;w
1858;m
1859;w
1860;m
1861;w
1862;m
1863;w
1864;m
1865;w
1866;m
1867;w
1868;m
1869;w
1870;m
1871;w
1872;m
1873;w
1874;m
1875;w
1876;m
1877;w
1878;m
1879;w
1880;m
1881;w
1882;m
1883;w
1884;m
1885;w
1886;m
1887;w
1888;m
1889;w
1890;m
1891;w
1892;m
1893;w
1894;m
1895;w
1896;m
1897;w
1898;m
1899;w
1900;m
1901;w
1902;m
1903;w
1904;m
1905;w
1906;m
1907;w
1908;m
1909;w
1910;m
1911;w
1912;m
1913;w
1914;m
1915;w
1916;m
1917;w
1918;m
1919;w
1920;m
1921;w
1922;m
1923;w
1924;m
1925;w
1926;m
1927;w
1928;m
1929;w
1930;m
1931;w
1932;m
1933;w
1934;m
1935;w
1936;m
1937;w
1938;m
1939;w
1940;m
1941;w
1942;m
1943;w
1944;m
1945;w
1946;m
1947;w
1948;m
1949;w
1950;m
1951;w
1952;m
1953;w
1954;m
1955;w
1956;m
1957;w
1958;m
1959;w
1960;m
1961;w
1962;m
1963;w
1964;m
1965;w
1966;m
1967;w
1968;m
1969;w
1970;m
1971;w
1972;m
1973;w
1974;m
1975;w
1976;m
1977;w
1978;m
1979;w
1980;m
1981;w
1982;m
1983;w
1984;m
1985;w
1986;m
1987;w
1988;m
1989;w
1990;m
1991;w
1992;m
1993;w
1994;m
1995;w
1996;m
1997;w
1998;m
1999;w
2000;m
2001;w
2002;m
2003;w
2004;m
2005;w
2006;m
2007;w
2008;m
2009;w
2010;m
2011;w
2012;m
2013;w
2014;m
2015;w
2016;m
2017;w
2018;m
2019;w
2020;m
2021;w
2022;m
2023;w
2024;m
2025;w
2026;m
2027;w
2028;m
2029;w
2030;m
2031;w
2032;m
2033;w
2034;m
2035;w
2036;m
2037;w
2038;m
2039;w
2040;m
2041;w
2042;m
2043;w
2044;m
2045;w
2046;m
2047;w
2048;m
2049;w
2050;m
2051;w
2052;m
2053;w
2054;m
2055;w
2056;m
2057;w
2058;m
2059;w
2060;m
2061;w
2062;m
2063;w
2064;m
2065;w
2066;m
2067;w
2068;m
2069;w
2070;m
2071;w
2072;m
2073;w
2074;m
2075;w
2076;m
2077;w
2078;m
2079;w
2080;m
2081;w
2082;m
2083;w
2084;m
2085;w
2086;m
2087;w
2088;m
2089;w
2090;m
2091;w
2092;m
2093;w
2094;m
2095;w
2096;m
2097;w
2098;m
2099;w
2100;m
2101;w
2102;m
2103;w
2104;m
2105;w
2106;m
2107;w
2108;m
2109;w
2110;m
2111;w
2112;m
2113;w
2114;m
2115;w
2116;m
2117;w
2118;m
2119;w
2120;m
2121;w
2122;m
2123;w
2124;m
2125;w
2126;m
2127;w
2128;m
2129;w
2130;m
2131;w
2132;m
2133;w
2134;m
2135;w
2136;m
2137;w
2138;m
2139;w
2140;m
2141;w
2142;m
2143;w
2144;m
2145;w
2146;m
2147;w
2148;m
2149;w
2150;m
2151;w
2152;m
2153;w
2154;m
2155;w
2156;m
2157;w
2158;m
2159;w
2160;m
2161;w
2162;m
2163;w
2164;m
2165;w
2166;m
2167;w
2168;m
2169;w
2170;m
2171;w
2172;m
2173;w
2174;m
2175;w
2176;m
2177;w
2178;m
2179;w
2180;m
2181;w
2182;m
2183;w
2184;m
2185;w
2186;m
2187;w
2188;m
2189;w
2190;m
2191;w
2192;m
2193;w
2194;m
2195;w
2196;m
2197;w
2198;m
2199;w
2200;m
2201;w
2202;m
2203;w
2204;m
2205;w
2206;m
2207;w
2208;m
2209;w
2210;m
2211;w
2212;m
2213;w
2214;m
2215;w
2216;m
2217;w
2218;m
2219;w
2220;m
2221;w
2222;m
2223;w
2224;m
2225;w
2226;m
2227;w
2228;m
2229;w
2230;m
2231;w
2232;m
2233;w
2234;m
2235;w
2236;m
2237;w
2238;m
2239;w
2240;m
2241;w
2242;m
2243;w
2244;m
2245;w
2246;m
2247;w
2248;m
2249;w
2250;m
2251;w
2252;m
2253;w
2254;m
2255;w
2256;m
2257;w
2258;m
2259;w
2260;m
2261;w
2262;m
2263;w
2264;m
2265;w
2266;m
2267;w
2268;m
2269;w
2270;m
2271;w
2272;m
2273;w
2274;m
2275;w
2276;m
2277;w
2278;m
2279;w
2280;m
2281;w
2282;m
2283;w
2284;m
2285;w
2286;m
2287;w
2288;m
2289;w
2290;m
2291;w
2292;m
2293;w
2294;m
2295;w
2296;m
2297;w
2298;m
2299;w
2300;m
2301;w
2302;m
2303;w
2304;m
2305;w
2306;m
2307;w
2308;m
2309;w
2310;m
2311;w
2312;m
2313;w
2314;m
2315;w
2316;m
2317;w
2318;m
2319;w
2320;m
2321;w
2322;m
2323;w
2324;m
2325;w
2326;m
2327;w
2328;m
2329;w
2330;m
2331;w
2332;m
2333;w
2334;m
2335;w
2336;m
2337;w
2338;m
2339;w
2340;m
2341;w
2342;m
2343;w
2344;m
2345;w
2346;m
2347;w
2348;m
2349;w
2350;m
2351;w
2352;m
2353;w
2354;m
2355;w
2356;m
2357;w
2358;m
2359;w
2360;m
2361;w
2362;m
2363;w
2364;m
2365;w
2366;m
2367;w
2368;m
2369;w
2370;m
2371;w
2372;m
2373;w
2374;m
2375;w
2376;m
2377;w
2378;m
2379;w
2380;m
2381;w
2382;m
2383;w
2384;m
2385;w
2386;m
2387;w
2388;m
2389;w
2390;m
2391;w
2392;m
2393;w
2394;m
2395;w
2396;m
2397;w
2398;m
2399;w
2400;m
2401;w
2402;m
2403;w
2404;m
2405;w
2406;m
2407;w
2408;m
2409;w
2410;m
2411;w
2412;m
2413;w
2414;m
2415;w
2416;m
2417;w
2418;m
2419;w
2420;m
2421;w
2422;m
2423;w
2424;m
2425;w
2426;m
2427;w
2428;m
2429;w
2430;m
2431;w
2432;m
2433;w
2434;m
2435;w
2436;m
2437;w
2438;m
2439;w
2440;m
2441;w
2442;m
2443;w
2444;m
2445;w
2446;m
2447;w
2448;m
2449;w
2450;m
2451;w
2452;m
2453;w
2454;m
2455;w
2456;m
2457;w
2458;m
2459;w
2460;m
2461;w
2462;m
2463;w
2464;m
2465;w
2466;m
2467;w
2468;m
2469;w
2470;m
2471;w
2472;m
2473;w
2474;m
2475;w
2476;m
2477;w
2478;m
2479;w
2480;m
2481;w
2482;m
2483;w
2484;m
2485;w
2486;m
2487;w
2488;m
2489;w
2490;m
2491;w
2492;m
2493;w
2494;m
2495;w
2496;m
2497;w
2498;m
2499;w
2500;m
2501;w
2502;m
2503;w
2504;m
2505;w
2506;m
2507;w
2508;m
2509;w
2510;m
2511;w
2512;m
2513;w
2514;m
2515;w
2516;m
2517;w
2518;m
2519;w
2520;m
2521;w
2522;m
2523;w
2524;m
2525;w
2526;m
2527;w
2528;m
2529;w
2530;m
2531;w
2532;m
2533;w
2534;m
2535;w
2536;m
2537;w
2538;m
2539;w
2540;m
2541;w
2542;m
2543;w
2544;m
2545;w
2546;m
2547;w
2548;m
2549;w
2550;m
2551;w
2552;m
2553;w
2554;m
2555;w
2556;m
2557;w
2558;m
2559;w
2560;m
2561;w
2562;m
2563;w
2564;m
2565;w
2566;m
2567;w
2568;m
2569;w
2570;m
2571;w
2572;m
2573;w
2574;m
2575;w
2576;m
2577;w
2578;m
2579;w
2580;m
2581;w
2582;m
2583;w
2584;m
2585;w
2586;m
2587;w
2588;m
2589;w
2590;m
2591;m
2592;m
2593;m
2594;m
2595;m
2596;m
2597;m
2598;m
2599;m
2600;m
2601;m
2602;m
2603;m
2604;m
2605;m
2606;m
2607;m
2608;m
2609;m
2610;m
2611;m
2612;m
2613;m
2614;m
2615;m
2616;m
2617;m
2618;m
2619;m
2620;m
2621;m
2622;m
2623;m
2624;m
2625;m
2626;m
2627;m
2628;m
2629;m
2630;m
2631;m
2632;m
2633;m
2634;m
2635;m
2636;m
2637;m
2638;m
2639;m
2640;m
2641;m
2642;m
2643;m
2644;m
2645;m
2646;m
2647;m
2648;m
2649;m
2650;m
2651;m
2652;m
2653;m
2654;m
2655;m
2656;m
2657;m
2658;m
2659;m
2660;m
2661;m
2662;m
2663;m
2664;m
2665;m
2666;m
2667;m
2668;m
2669;m
2670;m
2671;m
2672;m
2673;w
2674;m
2675;w
2676;m
2677;w
2678;m
2679;w
2680;m
2681;w
2682;m
2683;w
2684;m
2685;w
2686;m
2687;w
2688;m
2689;w
2690;m
2691;w
2692;m
2693;w
2694;m
2695;w
2696;m
2697;w
2698;m
2699;w
2700;m
2701;w
2702;m
2703;w
2704;m
2705;w
2706;m
2707;w
2708;m
2709;w
2710;m
2711;w
2712;m
2713;w
2714;m
2715;w
2716;m
2717;w
2718;m
2719;w
2720;m
2721;w
2722;m
2723;w
2724;m
2725;w
2726;m
2727;w
2728;m
2729;w
2730;m
2731;w
2732;m
2733;w
2734;m
2735;w
2736;m
2737;w
2738;m
2739;w
2740;m
2741;w
2742;m
2743;w
2744;m
2745;w
2746;m
2747;w
2748;m
2749;w
2750;m
2751;w
2752;m
2753;w
2754;m
2755;w
2756;m
2757;w
2758;m
2759;w
2760;m
2761;w
2762;m
2763;w
2764;m
2765;w
2766;m
2767;w
2768;m
2769;w
2770;m
2771;w
2772;m
2773;w
2774;m
2775;w
2776;m
2777;w
2778;m
2779;w
2780;m
2781;w
2782;m
2783;w
2784;m
2785;w
2786;m
2787;w
2788;m
2789;w
2790;m
2791;w
2792;m
2793;w
2794;m
2795;w
2796;m
2797;w
2798;m
2799;w
2800;m
2801;w
2802;m
2803;w
2804;m
2805;w
2806;m
2807;w
2808;m
2809;w
2810;m
2811;w
2812;m
2813;w
2814;m
2815;w
2816;m
2817;w
2818;m
2819;w
2820;m
2821;w
2822;m
2823;w
2824;m
2825;w
2826;m
2827;w
2828;m
2829;w
2830;m
2831;w
2832;m
2833;w
2834;m
2835;w
2836;m
2837;w
2838;m
2839;w
2840;m
2841;w
2842;m
2843;w
2844;m
2845;w
2846;m
2847;w
2848;m
2849;w
2850;m
2851;w
2852;m
2853;w
2854;m
2855;w
2856;m
2857;w
2858;m
2859;w
2860;m
2861;w
2862;m
2863;w
2864;m
2865;w
2866;m
2867;w
2868;m
2869;w
2870;m
2871;w
2872;m
2873;w
2874;m
2875;w
2876;m
2877;w
2878;m
2879;w
2880;m
2881;w
2882;m
2883;w
2884;m
2885;w
2886;m
2887;w
2888;m
2889;w
2890;m
2891;w
2892;m
2893;w
2894;m
2895;w
2896;m
2897;w
2898;m
2899;w
2900;m
2901;w
2902;m
2903;w
2904;m
2905;w
2906;m
2907;w
2908;m
2909;w
2910;m
2911;w
2912;m
2913;w
2914;m
2915;w
2916;m
2917;w
2918;m
2919;w
2920;m
2921;w
2922;m
2923;w
2924;m
2925;w
2926;m
2927;w
2928;m
2929;w
2930;m
2931;w
2932;m
2933;w
2934;m
2935;w
2936;m
2937;w
2938;m
2939;w
2940;m
2941;w
2942;m
2943;w
2944;m
2945;w
2946;m
2947;w
2948;m
2949;w
2950;m
2951;w
2952;m
2953;w
2954;m
2955;w
2956;m
2957;w
2958;m
2959;w
2960;m
2961;w
2962;m
2963;w
2964;m
2965;w
2966;m
2967;w
2968;m
2969;w
2970;m
2971;w
2972;m
2973;w
2974;m
2975;w
2976;m
2977;w
2978;m
2979;w
2980;m
2981;w
2982;m
2983;w
2984;m
2985;w
2986;m
2987;w
2988;m
2989;w
2990;m
2991;w
2992;m
2993;w
2994;m
2995;w
2996;m
2997;w
2998;m
2999;w
3000;m
3001;w
3002;m
3003;w
3004;m
3005;w
3006;m
3007;w
3008;m
3009;w
3010;m
3011;w
3012;m
3013;w
3014;m
3015;w
3016;m
3017;w
3018;m
3019;w
3020;m
3021;w
3022;m
3023;w
3024;m
3025;w
3026;m
3027;w
3028;m
3029;w
3030;m
3031;w
3032;m
3033;w
3034;m
3035;w
3036;m
3037;w
3038;m
3039;w
3040;m
3041;w
3042;m
3043;w
3044;m
3045;w
3046;m
3047;w
3048;m
3049;w
3050;m
3051;w
3052;m
3053;w
3054;m
3055;w
3056;m
3057;w
3058;m
3059;w
3060;m
3061;w
3062;m
3063;w
3064;m
3065;w
3066;m
3067;w
3068;m
3069;w
3070;m
3071;w
3072;m
3073;w
3074;m
3075;w
3076;m
3077;w
3078;m
3079;w
3080;m
3081;w
3082;m
3083;w
3084;m
3085;w
3086;m
3087;w
3088;m
3089;w
3090;m
3091;w
3092;m
3093;w
3094;m
3095;w
3096;m
3097;w
3098;m
3099;w
3100;m
3101;w
3102;m
3103;w
3104;m
3105;w
3106;m
3107;w
3108;m
3109;w
3110;m
3111;w
3112;m
3113;w
3114;m
3115;w
3116;m
3117;w
3118;m
3119;w
3120;m
3121;w
3122;m
3123;w
3124;m
3125;w
3126;m
3127;w
3128;m
3129;w
3130;m
3131;w
3132;m
3133;w
3134;m
3135;w
3136;m
3137;w
3138;m
3139;w
3140;m
3141;w
3142;m
3143;w
3144;m
3145;w
3146;m
3147;w
3148;m
3149;w
3150;m
3151;w
3152;m
3153;w
3154;m
3155;w
3156;m
3157;w
3158;m
3159;w
3160;m
3161;w
3162;m
3163;w
3164;m
3165;w
3166;m
3167;w
3168;m
3169;w
3170;m
3171;w
3172;m
3173;w
3174;m
3175;w
3176;m
3177;w
3178;m
3179;w
3180;m
3181;w
3182;m
3183;w
3184;m
3185;w
3186;m
3187;w
3188;m
3189;w
3190;m
3191;w
3192;m
3193;w
3194;m
3195;w
3196;m
3197;w
3198;m
3199;w
3200;m
3201;w
3202;m
3203;w
3204;m
3205;w
3206;m
3207;w
3208;m
3209;w
3210;m
3211;w
3212;m
3213;w
3214;m
3215;w
3216;m
3217;w
3218;m
3219;w
3220;m
3221;w
3222;m
3223;w
3224;m
3225;w
3226;m
3227;w
3228;m
3229;w
3230;m
3231;w
3232;m
3233;w
3234;m
3235;w
3236;m
3237;w
3238;m
3239;w
3240;m
3241;w
3242;m
3243;w
3244;m
3245;w
3246;m
3247;w
3248;m
3249;w
3250;m
3251;w
3252;m
3253;w
3254;m
3255;w
3256;m
3257;w
3258;m
3259;w
3260;m
3261;w
3262;m
3263;w
3264;m
3265;w
3266;m
3267;w
3268;m
3269;w
3270;m
3271;w
3272;m
3273;w
3274;m
3275;w
3276;m
3277;w
3278;m
3279;w
3280;m
3281;w
3282;m
3283;w
3284;m
3285;w
3286;m
3287;w
3288;m
3289;w
3290;m
3291;w
3292;m
3293;w
3294;m
3295;w
3296;m
3297;w
3298;m
3299;w
3300;m
3301;w
3302;m
3303;w
3304;m
3305;w
3306;m
3307;w
3308;m
3309;w
3310;m
3311;w
3312;m
3313;w
3314;m
3315;w
3316;m
3317;w
3318;m
3319;w
3320;m
3321;w
3322;m
3323;w
3324;m
3325;w
3326;m
3327;w
3328;m
3329;w
3330;m
3331;w
3332;m
3333;w
3334;m
3335;w
3336;m
3337;w
3338;m
3339;w
3340;m
3341;w
3342;m
3343;w
3344;m
3345;w
3346;m
3347;w
3348;m
3349;w
3350;m
3351;w
3352;m
3353;w
3354;m
3355;w
3356;m
3357;w
3358;m
3359;w
3360;m
3361;w
3362;m
3363;w
3364;m
3365;w
3366;m
3367;w
3368;m
3369;w
3370;m
3371;w
3372;m
3373;w
3374;m
3375;w
3376;m
3377;w
3378;m
3379;w
3380;m
3381;w
3382;m
3383;w
3384;m
3385;w
3386;m
3387;w
3388;m
3389;w
3390;m
3391;w
3392;m
3393;w
3394;m
3395;w
3396;m
3397;w
3398;m
3399;w
3400;m
3401;w
3402;m
3403;w
3404;m
3405;w
3406;m
3407;w
3408;m
3409;w
3410;m
3411;w
3412;m
3413;w
3414;m
3415;w
3416;m
3417;w
3418;m
3419;w
3420;m
3421;w
3422;m
3423;w
3424;m
3425;w
3426;m
3427;w
3428;m
3429;w
3430;m
3431;w
3432;m
3433;w
3434;m
3435;w
3436;m
3437;w
3438;m
3439;w
3440;m
3441;w
3442;m
3443;w
3444;m
3445;w
3446;m
3447;w
3448;m
3449;w
3450;m
3451;w
3452;m
3453;w
3454;m
3455;w
3456;m
3457;w
3458;m
3459;w
3460;m
3461;w
3462;m
3463;w
3464;m
3465;w
3466;m
3467;w
3468;m
3469;w
3470;m
3471;w
3472;m
3473;w
3474;m
3475;w
3476;m
3477;w
3478;m
3479;w
3480;m
3481;w
3482;m
3483;w
3484;m
3485;w
3486;m
3487;w
3488;m
3489;w
3490;m
3491;w
3492;m
3493;w
3494;m
3495;w
3496;m
3497;w
3498;m
3499;w
3500;m
3501;w
3502;m
3503;w
3504;m
3505;w
3506;m
3507;w
3508;m
3509;w
3510;m
3511;w
3512;m
3513;w
3514;m
3515;w
3516;m
3517;w
3518;m
3519;w
3520;m
3521;w
3522;m
3523;w
3524;m
3525;w
3526;m
3527;w
3528;m
3529;w
3530;m
3531;w
3532;m
3533;w
3534;m
3535;w
3536;m
3537;w
3538;m
3539;w
3540;m
3541;w
3542;m
3543;w
3544;m
3545;w
3546;m
3547;w
3548;m
3549;w
3550;m
3551;w
3552;m
3553;w
3554;m
3555;w
3556;m
3557;w
3558;m
3559;w
3560;m
3561;w
3562;m
3563;w
3564;m
3565;w
3566;m
3567;w
3568;m
3569;w
3570;m
3571;w
3572;m
3573;w
3574;m
3575;w
3576;m
3577;w
3578;m
3579;w
3580;m
3581;w
3582;m
3583;w
3584;m
3585;w
3586;m
3587;w
3588;m
3589;w
3590;m
3591;w
3592;m
3593;w
3594;m
3595;w
3596;m
3597;w
3598;m
3599;w
3600;m
3601;w
3602;m
3603;w
3604;m
3605;w
3606;m
3607;w
3608;m
3609;w
3610;m
3611;w
3612;m
3613;w
3614;m
3615;w
3616;m
3617;w
3618;m
3619;w
3620;m
3621;w
3622;m
3623;w
3624;m
3625;w
3626;m
3627;w
3628;m
3629;w
3630;m
3631;w
3632;m
3633;w
3634;m
3635;w
3636;m
3637;w
3638;m
3639;w
3640;m
3641;w
3642;m
3643;w
3644;m
3645;w
3646;m
3647;w
3648;m
3649;w
3650;m
3651;w
3652;m
3653;w
3654;m
3655;w
3656;m
3657;w
3658;m
3659;w
3660;m
3661;w
3662;m
3663;w
3664;m
3665;w
3666;m
3667;w
3668;m
3669;w
3670;m
3671;w
3672;m
3673;w
3674;m
3675;w
3676;m
3677;w
3678;m
3679;w
3680;m
3681;w
3682;m
3683;w
3684;m
3685;w
3686;m
3687;w
3688;m
3689;w
3690;m
3691;w
3692;m
3693;w
3694;m
3695;w
3696;m
3697;w
3698;m
3699;w
3700;m
3701;w
3702;m
3703;w
3704;m
3705;w
3706;m
3707;w
3708;m
3709;w
3710;m
3711;w
3712;m
3713;w
3714;m
3715;w
3716;m
3717;w
3718;m
3719;w
3720;m
3721;w
3722;m
3723;w
3724;m
3725;w
3726;m
3727;w
3728;m
3729;w
3730;m
3731;w
3732;m
3733;w
3734;m
3735;w
3736;m
3737;w
3738;m
3739;w
3740;m
3741;w
3742;m
3743;w
3744;m
3745;w
3746;m
3747;w
3748;m
3749;w
3750;m
3751;w
3752;m
3753;w
3754;m
3755;w
3756;m
3757;w
3758;m
3759;w
3760;m
3761;w
3762;m
3763;w
3764;m
3765;w
3766;m
3767;w
3768;m
3769;w
3770;m
3771;w
3772;m
3773;w
3774;m
3775;w
3776;m
3777;w
3778;m
3779;w
3780;m
3781;w
3782;m
3783;w
3784;m
3785;w
3786;m
3787;w
3788;m
3789;w
3790;m
3791;w
3792;m
3793;w
3794;m
3795;w
3796;m
3797;w
3798;m
3799;w
3800;m
3801;w
3802;m
3803;w
3804;m
3805;w
3806;m
3807;w
3808;m
3809;w
3810;m
3811;w
3812;m
3813;w
3814;m
3815;w
3816;m
3817;w
3818;m
3819;w
3820;m
3821;w
3822;m
3823;w
3824;m
3825;w
3826;m
3827;w
3828;m
3829;w
3830;m
3831;w
3832;m
3833;w
3834;m
3835;w
3836;m
3837;w
3838;m
3839;w
3840;m
3841;w
3842;m
3843;w
3844;m
3845;w
3846;m
3847;w
3848;m
3849;w
3850;m
3851;w
3852;m
3853;w
3854;m
3855;w
3856;m
3857;w
3858;m
3859;w
3860;m
3861;w
3862;m
3863;w
3864;m
3865;w
3866;m
3867;w
3868;m
3869;w
3870;m
3871;w
3872;m
3873;w
3874;m
3875;w
3876;m
3877;w
3878;m
3879;w
3880;m
3881;w
3882;m
3883;w
3884;m
3885;w
3886;m
3887;w
3888;m
3889;w
3890;m
3891;w
3892;m
3893;w
3894;m
3895;w
3896;m
3897;w
3898;m
3899;w
3900;m
3901;w
3902;m
3903;w
3904;m
3905;w
3906;m
3907;w
3908;m
3909;w
3910;m
3911;w
3912;m
3913;w
3914;m
3915;w
3916;m
3917;w
3918;m
3919;w
3920;m
3921;w
3922;m
3923;w
3924;m
3925;w
3926;m
3927;w
3928;m
3929;w
3930;m
3931;w
3932;m
3933;w
3934;m
3935;w
3936;m
3937;w
3938;m
3939;w
3940;m
3941;w
3942;m
3943;w
3944;m
3945;w
3946;m
3947;w
3948;m
3949;w
3950;m
3951;w
3952;m
3953;w
3954;m
3955;w
3956;m
3957;w
3958;m
3959;w
3960;m
3961;w
3962;m
3963;w
3964;m
3965;w
3966;m
3967;w
3968;m
3969;w
3970;m
3971;w
3972;m
3973;w
3974;m
3975;w
3976;m
3977;w
3978;m
3979;w
3980;m
3981;w
3982;m
3983;w
3984;m
3985;w
3986;m
3987;w
3988;m
3989;w
3990;m
3991;w
3992;m
3993;w
3994;m
3995;w
3996;m
3997;w
3998;m
3999;w
4000;m
4001;w
4002;m
4003;w
4004;m
4005;w
4006;m
4007;w
4008;m
4009;w
4010;m
4011;w
4012;m
4013;w
4014;m
4015;w
4016;m
4017;w
4018;m
4019;w
4020;m
4021;w
4022;m
4023;w
4024;m
4025;w
4026;m
4027;w
4028;m
4029;w
4030;m
4031;w
4032;m
4033;w
4034;m
4035;w
4036;m
4037;w
4038;m
4039;w
4040;m
4041;w
4042;m
4043;w
4044;m
4045;w
4046;m
4047;w
4048;m
4049;w
4050;m
4051;w
4052;m
4053;w
4054;m
4055;w
4056;m
4057;w
4058;m
4059;w
4060;m
4061;w
4062;m
4063;w
4064;m
4065;w
4066;m
4067;w
4068;m
4069;w
4070;m
4071;w
4072;m
4073;w
4074;m
4075;w
4076;m
4077;w
4078;m
4079;w
4080;m
4081;w
4082;m
4083;w
4084;m
4085;w
4086;m
4087;w
4088;m
4089;m
4090;m
4091;m
4092;m
4093;m
4094;m
4095;m
4096;m
4097;m
4098;m
4099;m
4100;m
4101;m
4102;m
4103;m
4104;m
4105;m
4106;m
4107;m
4108;m
4109;m
4110;m
4111;m
4112;m
4113;m
4114;m
4115;m
4116;m
4117;m
4118;m
4119;m
4120;m
4121;m
4122;m
4123;m
4124;m
4125;m
4126;m
4127;m
4128;m
4129;m
4130;m
4131;m
4132;m
