Index;HiringDate
1;09/07/1985
2;09/03/2022
3;08/10/2023
4;12/07/1985
5;08/11/2004
6;01/11/2022
7;11/02/1989
8;13/01/1987
9;14/04/1991
10;03/03/2022
11;01/05/1990
12;10/08/2017
13;02/02/1989
14;02/11/1981
15;15/04/1980
16;02/12/2001
17;01/07/1995
18;12/05/2003
19;01/06/1983
20;02/12/1993
21;15/07/2023
22;12/06/1987
23;08/09/2007
24;02/02/1994
25;03/04/2022
26;04/03/2006
27;10/01/2004
28;02/01/2004
29;11/09/2004
30;13/06/2023
31;02/05/1999
32;11/11/2018
33;02/02/2015
34;02/02/1993
35;15/08/2014
36;14/11/2003
37;03/07/2009
38;03/06/2005
39;01/12/2002
40;04/08/2024
41;02/07/2005
42;10/10/2014
43;13/09/1980
44;04/02/2010
45;08/07/1995
46;07/10/2016
47;09/10/2024
48;07/02/1986
49;07/06/2022
50;02/03/2015
51;06/04/2024
52;03/04/2011
53;09/01/1980
54;04/06/1995
55;14/12/2004
56;01/03/2007
57;04/03/1990
58;05/06/1982
59;09/02/2022
60;04/05/2005
61;05/01/1980
62;04/01/1990
63;09/11/1989
64;05/06/2009
65;04/04/2003
66;04/11/1986
67;15/05/2009
68;09/03/2009
69;01/05/2005
70;15/10/2024
71;15/04/1987
72;07/01/2012
73;11/10/1996
74;11/06/2001
75;05/12/2004
76;03/09/1989
77;01/10/1992
78;08/10/2001
79;01/08/1987
80;04/08/2013
81;03/07/2006
82;05/01/2024
83;06/09/2022
84;04/05/2020
85;05/06/1984
86;12/05/1980
87;10/02/2018
88;03/03/2004
89;11/05/1999
90;02/03/2018
91;13/03/1988
92;09/08/2011
93;09/08/1998
94;05/07/2000
95;06/06/1984
96;07/06/2023
97;09/01/1997
98;08/10/2009
99;10/03/2019
100;03/09/1987
101;09/12/1996
102;03/10/1988
103;07/09/1987
104;05/03/2007
105;01/05/1990
106;10/10/2021
107;12/04/1999
108;02/02/1986
109;11/08/2014
110;02/02/1989
111;12/08/2007
112;10/04/2022
113;04/04/1988
114;13/10/1995
115;14/11/2006
116;04/11/1996
117;13/05/2024
118;13/03/1980
119;11/04/1999
120;05/07/1993
121;09/02/2018
122;07/08/1980
123;03/04/2008
124;09/06/2008
125;09/09/2007
126;07/12/2012
127;01/09/2020
128;04/08/1983
129;15/08/2019
130;11/02/2005
131;11/05/2004
132;07/09/2016
133;13/08/1984
134;07/08/1990
135;11/12/1987
136;11/09/1980
137;01/12/2000
138;04/12/2014
139;15/03/1987
140;07/11/2023
141;08/07/2012
142;11/03/2000
143;10/03/1990
144;02/04/2022
145;06/02/1982
146;14/05/1983
147;05/11/2010
148;15/02/1996
149;02/11/2015
150;08/04/2003
151;02/03/2007
152;02/05/2000
153;11/10/2003
154;07/04/1992
155;07/01/2005
156;10/01/1995
157;13/07/2024
158;12/07/2009
159;09/04/2022
160;14/08/1996
161;09/11/2023
162;09/11/1994
163;02/07/2024
164;04/08/2015
165;10/06/2012
166;07/02/1992
167;10/11/2004
168;09/09/1995
169;05/05/2017
170;03/09/1988
171;05/08/2017
172;05/07/1986
173;06/10/2007
174;14/10/2021
175;06/04/2005
176;15/07/2002
177;04/09/1995
178;15/11/1997
179;11/12/1990
180;13/11/1988
181;05/05/2015
182;12/08/1995
183;07/12/1985
184;14/06/1991
185;01/11/2001
186;11/01/1984
187;11/11/1988
188;15/11/1998
189;08/07/2015
190;01/05/1982
191;11/01/2023
192;06/07/1987
193;08/09/1995
194;02/01/2001
195;09/01/2019
196;13/01/1990
197;09/09/2012
198;07/03/2021
199;15/09/2000
200;08/06/2022
201;11/03/2004
202;01/11/2006
203;12/03/1997
204;01/08/1986
205;13/05/2018
206;09/10/2004
207;07/02/2023
208;11/01/1981
209;09/05/2012
210;10/12/2021
211;01/06/2019
212;09/02/2013
213;12/03/1981
214;01/02/1980
215;06/09/2020
216;07/04/1980
217;14/12/1996
218;12/09/2000
219;04/05/2009
220;11/12/1983
221;06/11/2014
222;02/03/1985
223;04/09/2019
224;08/03/2002
225;14/05/1995
226;12/06/2000
227;13/03/2021
228;04/07/2012
229;04/04/1987
230;06/02/2008
231;08/05/2001
232;10/10/2008
233;13/06/2023
234;09/07/2000
235;03/06/1999
236;05/10/1997
237;04/09/2007
238;08/10/2011
239;13/01/2014
240;15/05/2013
241;13/07/2005
242;15/08/1994
243;08/09/1984
244;01/08/1997
245;15/01/1993
246;13/04/2023
247;06/04/2006
248;08/10/2001
249;10/10/1989
250;10/06/2010
251;08/12/1999
252;02/01/2005
253;13/06/1984
254;01/11/2000
255;10/04/1997
256;05/03/1999
257;06/01/2012
258;10/01/2003
259;12/05/2002
260;01/12/1989
261;02/01/2011
262;09/05/1999
263;01/06/1999
264;11/06/1986
265;08/12/2013
266;05/08/2010
267;15/02/2023
268;11/02/2009
269;02/10/1986
270;04/02/2022
271;13/06/1986
272;10/04/2000
273;15/03/2013
274;09/03/1988
275;01/11/2017
276;09/11/2019
277;09/02/1995
278;04/06/2001
279;04/08/2011
280;13/11/1991
281;06/07/1980
282;03/06/2002
283;03/03/1995
284;03/12/2002
285;08/09/2017
286;07/09/2011
287;06/11/2004
288;09/03/2007
289;15/06/2018
290;14/12/2017
291;15/03/1996
292;05/08/2006
293;04/01/2017
294;03/01/1986
295;02/08/2017
296;09/05/2009
297;02/03/2009
298;12/05/1995
299;13/11/2013
300;06/03/2001
301;02/11/1992
302;15/02/1995
303;11/12/1987
304;02/12/1992
305;09/12/2006
306;04/04/1983
307;10/07/1980
308;08/10/2012
309;14/03/2014
310;14/10/2005
311;02/03/1982
312;05/09/2004
313;07/08/2014
314;15/06/1982
315;06/07/2009
316;10/04/1987
317;12/10/2024
318;07/03/1980
319;05/04/2002
320;02/07/2004
321;09/10/2002
322;13/05/1984
323;15/12/1982
324;12/10/2005
325;06/09/2021
326;08/08/1984
327;06/08/1980
328;08/08/2023
329;11/07/2015
330;13/09/1990
331;04/06/1981
332;14/11/1989
333;10/12/2023
334;11/02/2000
335;10/07/2013
336;11/01/1985
337;04/05/1997
338;12/10/2005
339;06/05/2016
340;15/11/1993
341;06/01/2002
342;12/10/1992
343;02/08/2008
344;11/07/2024
345;03/06/1981
346;11/11/1980
347;06/10/1985
348;01/03/2000
349;12/11/1983
350;10/01/2017
351;08/09/1991
352;14/07/1983
353;07/04/1999
354;02/05/2015
355;14/06/1989
356;02/03/1982
357;11/06/2005
358;12/07/2012
359;09/03/2001
360;06/01/1981
361;05/01/2004
362;07/06/2015
363;10/10/2014
364;05/07/1980
365;08/03/2007
366;13/11/1983
367;13/03/2015
368;09/06/2016
369;03/04/2015
370;08/10/2013
371;02/05/1980
372;04/03/2005
373;03/03/2013
374;14/07/1994
375;11/08/1995
376;15/09/2003
377;02/04/1980
378;07/02/2001
379;12/06/1996
380;02/11/2017
381;01/04/2006
382;06/01/2016
383;07/03/1982
384;01/04/1992
385;06/01/1994
386;15/09/2005
387;08/11/2012
388;11/07/2005
389;12/05/1993
390;14/02/2021
391;14/08/1980
392;13/10/2022
393;14/09/1982
394;01/03/2019
395;13/03/2007
396;07/03/1999
397;02/03/2017
398;07/12/2019
399;15/07/2008
400;04/05/2014
401;05/12/2012
402;15/02/2012
403;09/09/1999
404;04/12/2005
405;01/05/1991
406;12/06/1991
407;11/11/2016
408;04/04/2009
409;06/07/2012
410;07/11/2020
411;06/07/2003
412;09/02/2004
413;08/07/1996
414;02/09/2010
415;02/11/1984
416;15/12/1993
417;15/08/2014
418;03/04/2013
419;07/02/1987
420;08/05/2020
421;04/02/2016
422;03/09/2022
423;07/05/1982
424;06/12/1985
425;08/05/1983
426;13/09/1998
427;03/03/1998
428;11/10/2009
429;06/04/2016
430;10/12/2009
431;12/11/2011
432;11/10/2000
433;05/12/2018
434;14/06/2023
435;01/05/2011
436;02/05/2007
437;08/07/1997
438;06/10/1998
439;02/06/2004
440;14/10/2000
441;12/09/1985
442;03/01/1998
443;03/04/1982
444;13/11/2002
445;11/06/2019
446;13/04/2010
447;08/10/2021
448;04/11/2003
449;13/07/2020
450;15/12/1992
451;09/06/2014
452;13/12/1986
453;01/04/2019
454;09/01/2007
455;01/07/2011
456;04/02/2007
457;13/06/2016
458;13/08/1986
459;05/04/2011
460;08/02/2013
461;13/11/2024
462;03/11/1984
463;09/06/2019
464;02/06/2016
465;09/02/1991
466;07/05/1983
467;13/07/2004
468;02/03/2017
469;14/09/1992
470;10/05/2024
471;01/07/2024
472;04/02/2015
473;10/02/2007
474;02/01/1985
475;08/12/2022
476;13/03/1989
477;13/07/1993
478;05/04/1999
479;15/05/2019
480;01/01/2000
481;04/06/1982
482;12/07/2016
483;11/11/2002
484;14/07/2021
485;04/10/1988
486;01/01/1999
487;13/08/1996
488;03/03/1994
489;01/11/1981
490;02/04/2021
491;05/08/1983
492;01/04/2010
493;10/09/1996
494;11/01/1991
495;11/01/1984
496;02/05/2022
497;03/03/2016
498;11/06/2011
499;07/12/1991
500;12/11/1996
501;07/09/1982
502;06/07/2010
503;08/02/2014
504;06/11/1989
505;12/11/2018
506;15/12/2009
507;12/02/2010
508;06/08/2020
509;07/11/2016
510;12/08/1995
511;15/12/1988
512;06/05/2008
513;09/12/2001
514;13/02/1995
515;06/09/2001
516;06/10/2001
517;09/05/1999
518;05/04/1988
519;06/03/2010
520;13/10/2010
521;10/03/1990
522;03/11/2011
523;03/04/1981
524;07/10/2020
525;02/09/1981
526;12/06/2007
527;12/09/2013
528;09/03/2020
529;15/05/1988
530;05/11/2001
531;08/03/2004
532;13/05/1998
533;12/01/1995
534;02/09/1995
535;04/02/2001
536;08/09/2001
537;13/06/1983
538;04/03/2004
539;08/04/2006
540;02/12/2013
541;13/11/2010
542;13/08/2012
543;03/05/2013
544;03/11/2009
545;05/03/2021
546;11/04/2006
547;04/02/1987
548;03/10/1996
549;12/02/1986
550;07/04/1980
551;10/11/1988
552;15/01/2023
553;08/07/1994
554;07/06/2002
555;15/12/1989
556;13/06/1982
557;08/12/2018
558;03/04/1995
559;07/12/2020
560;04/06/2015
561;03/10/1983
562;07/07/1998
563;11/07/1996
564;03/10/1989
565;14/07/2016
566;12/05/1991
567;05/08/1987
568;04/04/2009
569;15/07/2015
570;01/06/2001
571;07/12/2020
572;03/02/1991
573;09/03/2000
574;12/04/1984
575;05/02/2005
576;03/01/1993
577;06/12/2014
578;13/07/2023
579;11/11/1989
580;07/04/2014
581;09/05/2013
582;06/10/1990
583;07/01/2008
584;02/06/2019
585;03/06/1994
586;09/06/1980
587;04/04/1985
588;03/10/2008
589;08/09/2023
590;13/02/2012
591;06/02/1985
592;09/05/1986
593;11/05/2009
594;12/09/1990
595;02/08/1983
596;15/06/2000
597;12/12/1985
598;04/04/2009
599;03/03/1992
600;08/11/1997
601;12/06/2021
602;12/10/1983
603;01/03/1989
604;12/02/2001
605;09/08/1999
606;12/10/2001
607;04/07/1988
608;02/03/1994
609;09/06/1992
610;09/10/1980
611;02/01/1982
612;15/10/2020
613;15/11/2016
614;01/02/1997
615;02/04/2013
616;13/08/2004
617;14/06/2009
618;13/05/1991
619;12/02/2010
620;03/06/2019
621;02/07/1986
622;09/11/2001
623;14/02/1982
624;11/04/2005
625;04/11/1995
626;10/08/2005
627;08/10/1999
628;05/12/2005
629;02/11/1984
630;14/10/1995
631;13/01/2002
632;09/07/2002
633;02/07/1983
634;07/10/1992
635;14/11/1983
636;10/08/2007
637;09/01/2006
638;08/04/1994
639;14/01/1992
640;08/10/1996
641;11/11/2024
642;05/08/2022
643;06/10/2014
644;02/06/1994
645;01/12/1984
646;14/06/2017
647;05/01/2016
648;07/05/2013
649;02/06/2014
650;15/12/2022
651;08/03/2020
652;03/11/2019
653;06/01/1997
654;06/02/2005
655;04/07/2006
656;07/06/1990
657;11/09/2018
658;12/09/1991
659;09/09/2018
660;05/01/2016
661;06/09/1984
662;14/12/2007
663;14/05/2017
664;11/01/1990
665;11/09/2020
666;06/02/1986
667;10/01/1987
668;02/02/1983
669;13/11/2021
670;06/03/1983
671;13/10/1983
672;12/03/2010
673;02/12/1981
674;13/06/2018
675;01/09/1995
676;06/04/1996
677;01/02/1993
678;11/07/2000
679;04/04/1989
680;04/03/2024
681;11/02/2010
682;12/01/1985
683;14/01/1990
684;03/02/2015
685;02/08/1996
686;02/06/2011
687;05/07/1981
688;15/06/2012
689;10/11/2009
690;10/06/2001
691;14/09/1981
692;01/09/1988
693;10/03/1981
694;10/09/1996
695;07/08/2012
696;10/11/1988
697;08/02/2001
698;10/10/1987
699;04/02/1980
700;14/12/1985
701;03/02/2020
702;07/10/2011
703;09/10/1999
704;09/06/2006
705;02/03/2010
706;06/05/2006
707;12/10/2006
708;03/04/1990
709;03/11/1985
710;14/06/2001
711;03/09/2007
712;10/06/2022
713;03/03/2014
714;12/09/1991
715;05/07/2024
716;09/12/1995
717;07/08/1986
718;01/02/2004
719;06/08/2002
720;15/02/2005
721;10/11/1994
722;04/11/1986
723;13/06/1987
724;04/11/1990
725;11/08/2001
726;05/10/1985
727;05/02/1982
728;13/05/2000
729;06/05/1983
730;10/09/2005
731;14/03/2022
732;06/10/2019
733;11/04/1984
734;15/06/1985
735;12/08/1980
736;13/10/2007
737;02/02/1990
738;02/02/1986
739;12/01/1996
740;11/12/2011
741;01/02/1992
742;13/09/1984
743;15/04/2001
744;08/12/1989
745;01/01/2018
746;13/10/1985
747;10/04/2001
748;01/07/1992
749;08/05/2010
750;07/11/1985
751;12/06/1990
752;07/04/2023
753;11/10/1985
754;15/10/2002
755;06/05/2006
756;08/05/2014
757;09/10/1988
758;08/11/2005
759;02/01/2010
760;11/01/2019
761;01/02/2000
762;14/06/2005
763;13/05/1999
764;02/01/1989
765;06/01/2005
766;13/01/2022
767;15/10/2008
768;03/07/2006
769;05/12/2006
770;02/05/2010
771;09/03/2017
772;02/09/2000
773;12/09/1994
774;09/06/2024
775;03/11/2013
776;03/08/2001
777;08/11/2013
778;02/04/2011
779;07/01/2015
780;09/10/1998
781;15/06/2013
782;04/06/2011
783;10/09/1988
784;04/02/1981
785;07/07/2007
786;02/07/1995
787;09/12/1991
788;04/02/2007
789;15/06/2022
790;06/02/2008
791;13/08/1986
792;08/05/2020
793;07/09/2013
794;11/12/1985
795;01/01/2021
796;05/06/1994
797;05/08/2015
798;10/01/1981
799;15/02/2005
800;04/02/2018
801;01/05/2009
802;03/10/1984
803;02/03/2017
804;14/04/2014
805;15/05/1985
806;13/02/1981
807;12/03/2013
808;10/11/1995
809;04/02/1996
810;02/06/2006
811;15/11/2003
812;10/01/2023
813;12/04/1990
814;07/07/2006
815;11/05/1996
816;03/01/2024
817;13/11/1994
818;07/03/1990
819;11/07/1993
820;03/08/1983
821;06/05/2007
822;06/03/2011
823;06/03/2002
824;06/02/1999
825;05/10/1988
826;15/03/2010
827;04/12/1984
828;12/07/2013
829;15/03/2007
830;14/08/1988
831;01/10/1981
832;07/06/2018
833;14/02/2017
834;06/04/1988
835;14/02/1995
836;13/02/2021
837;01/09/2011
838;08/06/2001
839;02/08/1995
840;04/10/1981
841;02/07/2024
842;04/09/1980
843;08/10/2018
844;11/05/2014
845;02/10/2012
846;07/01/1989
847;11/04/2014
848;13/07/1982
849;12/11/2009
850;09/08/2020
851;11/09/1995
852;05/11/2012
853;11/05/1991
854;04/07/2011
855;09/10/2002
856;01/08/1983
857;12/06/2003
858;14/02/2004
859;06/12/1989
860;06/02/2010
861;13/10/1993
862;02/02/1987
863;11/12/2006
864;08/07/1993
865;10/12/1994
866;05/09/1981
867;15/11/1997
868;13/08/1982
869;09/02/1983
870;15/11/1985
871;02/08/2024
872;02/01/2004
873;07/10/1998
874;03/02/1982
875;01/05/2005
876;10/10/1998
877;04/03/1992
878;06/09/2005
879;12/12/1980
880;09/01/2004
881;08/09/2006
882;11/03/1984
883;11/09/2019
884;03/08/1980
885;03/02/2004
886;03/10/1996
887;01/09/1989
888;01/03/2014
889;12/04/1994
890;08/02/1987
891;03/06/2001
892;03/05/1997
893;01/10/1994
894;11/11/1983
895;06/01/2024
896;08/12/2010
897;14/02/2021
898;04/08/1986
899;15/10/2022
900;12/07/1997
901;15/09/2003
902;03/11/2020
903;13/09/2012
904;01/08/2019
905;15/03/1985
906;15/12/2024
907;12/08/1990
908;03/11/1983
909;06/01/2021
910;07/11/2013
911;11/08/2020
912;04/03/2023
913;14/08/1987
914;13/06/1987
915;11/11/1994
916;01/03/1999
917;04/05/1995
918;13/02/1988
919;06/10/2001
920;14/10/2015
921;09/06/1998
922;13/11/2017
923;13/09/2005
924;01/07/2023
925;13/07/2016
926;07/03/2019
927;07/04/2022
928;04/06/1983
929;14/01/2006
930;03/10/1994
931;12/09/1994
932;05/06/2005
933;02/04/1991
934;05/04/2002
935;11/03/1983
936;06/03/1986
937;15/08/2014
938;11/03/1990
939;13/10/2001
940;01/07/1997
941;12/11/1987
942;05/03/2002
943;13/02/2019
944;08/03/2016
945;07/06/2005
946;13/04/1984
947;09/12/2007
948;11/06/1991
949;01/05/2014
950;13/09/1994
951;06/12/2005
952;11/04/1998
953;02/07/1990
954;14/04/2008
955;03/04/2013
956;01/06/1987
957;07/06/2018
958;10/09/2014
959;08/01/1985
960;02/12/1995
961;03/11/1980
962;03/02/1990
963;12/09/1987
964;08/02/2013
965;08/03/2003
966;06/03/2015
967;07/08/2015
968;04/12/2022
969;11/03/2001
970;08/07/1988
971;12/08/2006
972;06/03/2015
973;01/12/2013
974;14/08/2024
975;06/08/2023
976;01/07/2006
977;15/09/2013
978;05/03/1992
979;11/07/2014
980;06/07/2011
981;13/07/1980
982;11/01/2019
983;02/11/2013
984;07/07/1989
985;06/05/1993
986;09/05/2012
987;07/04/1991
988;10/01/2000
989;08/09/1992
990;04/04/2016
991;10/12/2020
992;02/08/2006
993;07/04/2009
994;08/03/1987
995;13/10/1981
996;04/03/1999
997;04/06/1980
998;02/02/1982
999;07/02/2001
1000;06/10/2005
1001;12/12/2002
1002;03/10/1986
1003;01/07/1988
1004;07/02/2008
1005;15/04/2000
1006;15/10/2003
1007;11/10/1998
1008;02/05/1986
1009;15/01/2023
1010;13/02/2012
1011;06/09/2005
1012;10/03/2001
1013;03/05/1988
1014;08/08/2016
1015;08/03/2022
1016;12/10/1994
1017;07/04/2014
1018;11/03/2016
1019;01/12/1992
1020;12/08/1998
1021;14/07/1997
1022;08/04/1986
1023;03/12/1983
1024;09/04/2008
1025;14/08/1996
1026;12/05/1986
1027;05/07/1982
1028;05/06/2015
1029;12/08/2024
1030;09/09/1993
1031;05/02/2010
1032;08/10/1996
1033;04/01/1990
1034;13/10/2020
1035;04/09/2003
1036;12/12/2015
1037;11/09/1989
1038;01/03/1997
1039;15/12/1988
1040;15/10/2006
1041;13/01/1984
1042;13/01/1981
1043;13/05/1991
1044;02/02/2020
1045;12/12/1986
1046;09/12/2020
1047;08/03/1982
1048;03/07/2024
1049;14/06/2003
1050;03/11/1994
1051;05/07/1986
1052;05/11/1995
1053;05/03/1992
1054;03/06/1990
1055;01/12/2005
1056;12/12/1990
1057;08/07/1993
1058;04/05/1996
1059;01/01/2000
1060;14/01/1998
1061;06/05/1985
1062;11/03/1980
1063;14/09/1996
1064;03/03/1988
1065;11/04/2009
1066;01/07/2007
1067;06/07/1981
1068;12/11/2002
1069;13/09/2012
1070;13/11/2000
1071;11/03/1982
1072;06/01/2013
1073;03/05/1986
1074;10/01/1989
1075;06/02/2001
1076;05/05/1999
1077;13/05/1997
1078;07/01/1987
1079;14/06/1988
1080;08/09/2006
1081;03/07/1999
1082;06/09/2012
1083;02/02/2008
1084;07/07/2014
1085;08/10/2021
1086;11/07/2022
1087;13/02/2005
1088;05/08/1991
1089;05/02/2009
1090;05/06/2000
1091;12/12/1981
1092;06/07/2022
1093;02/01/2024
1094;14/12/2023
1095;07/09/2019
1096;03/08/2009
1097;02/05/1994
1098;09/05/1985
1099;04/01/1996
1100;10/06/1996
1101;14/12/2020
1102;07/11/1993
1103;13/07/1982
1104;06/04/1982
1105;03/09/1991
1106;12/10/1992
1107;02/06/2020
1108;05/01/2018
1109;11/12/2020
1110;15/09/2017
1111;13/12/1989
1112;14/04/2001
1113;10/02/2016
1114;05/04/2018
1115;14/02/1982
1116;09/01/1986
1117;14/03/1989
1118;11/06/2009
1119;03/12/1985
1120;12/10/1985
1121;12/03/1997
1122;04/01/2003
1123;04/04/2003
1124;11/04/2002
1125;09/06/1992
1126;06/09/1988
1127;08/12/1987
1128;15/01/1986
1129;07/09/2001
1130;03/01/2000
1131;01/09/2009
1132;06/04/1989
1133;02/02/2003
1134;14/01/1986
1135;15/01/1988
1136;13/12/1986
1137;01/04/1980
1138;10/06/2009
1139;08/04/1997
1140;11/09/2012
1141;01/07/1983
1142;03/07/1997
1143;09/10/1992
1144;09/05/2005
1145;05/03/2012
1146;14/01/2021
1147;10/02/2000
1148;10/02/1993
1149;01/10/2018
1150;12/09/2007
1151;11/06/1989
1152;07/06/1999
1153;13/11/2020
1154;06/09/1992
1155;08/07/2003
1156;06/03/1990
1157;12/01/1988
1158;15/12/2023
1159;06/05/1998
1160;15/02/2021
1161;11/10/2024
1162;15/05/2019
1163;04/05/2005
1164;14/11/2019
1165;01/11/2013
1166;06/04/2019
1167;09/12/1994
1168;08/09/2013
1169;07/11/2012
1170;10/01/1991
1171;05/10/2013
1172;07/07/1993
1173;04/03/1994
1174;03/06/2016
1175;07/11/1988
1176;07/09/1989
1177;10/09/1989
1178;04/06/1991
1179;08/10/1996
1180;02/01/1988
1181;15/06/2003
1182;02/10/2014
1183;15/06/2000
1184;13/06/1994
1185;06/08/1986
1186;12/07/2020
1187;08/12/2017
1188;11/06/2005
1189;10/07/2014
1190;15/01/2008
1191;07/04/1995
1192;01/05/2021
1193;13/05/2024
1194;05/04/1995
1195;07/09/2021
1196;07/06/2002
1197;04/03/2020
1198;13/12/2018
1199;03/10/2006
1200;12/12/1991
1201;01/01/1991
1202;01/09/2011
1203;10/12/2006
1204;06/04/1982
1205;07/10/2003
1206;10/11/2020
1207;09/02/2020
1208;07/07/1996
1209;03/07/1987
1210;13/06/2000
1211;13/02/2001
1212;12/08/2000
1213;07/05/1998
1214;05/10/2013
1215;09/05/2004
1216;05/12/2010
1217;07/09/2020
1218;05/11/1990
1219;06/07/2018
1220;08/12/2012
1221;10/04/2018
1222;04/07/2008
1223;14/11/2021
1224;14/10/1993
1225;14/05/2002
1226;03/06/1996
1227;09/04/2005
1228;10/05/2023
1229;14/04/2023
1230;09/03/2021
1231;01/05/2022
1232;04/07/1990
1233;11/10/2016
1234;08/07/2018
1235;13/02/1984
1236;11/07/2018
1237;15/01/2008
1238;06/02/1992
1239;15/08/1997
1240;12/03/2011
1241;12/04/2005
1242;13/01/2016
1243;05/10/2020
1244;01/01/1988
1245;15/04/2002
1246;05/04/1998
1247;02/11/1989
1248;04/11/2012
1249;05/01/2016
1250;01/08/1992
1251;10/12/2020
1252;07/01/2018
1253;13/02/1983
1254;09/05/1994
1255;14/05/2014
1256;15/01/2005
1257;06/11/2012
1258;07/11/2007
1259;12/04/2005
1260;07/08/2009
1261;03/04/2019
1262;06/09/1986
1263;09/06/1997
1264;05/12/2009
1265;15/08/2015
1266;11/09/1990
1267;05/12/1981
1268;11/03/2018
1269;12/12/2015
1270;06/09/2021
1271;03/09/1983
1272;13/11/2020
1273;14/07/2023
1274;08/11/1989
1275;13/02/1984
1276;02/05/2010
1277;08/04/1988
1278;06/05/1992
1279;08/01/2012
1280;01/12/2017
1281;08/04/2011
1282;15/07/1992
1283;01/01/1984
1284;07/07/2010
1285;04/11/1991
1286;13/04/1992
1287;15/03/2004
1288;01/11/2018
1289;09/07/1995
1290;01/08/2007
1291;01/07/1981
1292;11/12/2008
1293;01/05/2007
1294;07/04/2016
1295;12/06/1999
1296;09/10/2001
1297;07/07/2010
1298;02/11/2005
1299;10/04/1992
1300;10/05/2018
1301;12/01/1992
1302;06/11/1987
1303;13/03/1994
1304;09/12/1990
1305;12/03/1990
1306;02/12/1981
1307;04/11/1984
1308;15/03/2024
1309;10/08/2007
1310;15/03/1983
1311;11/04/1994
1312;01/06/2015
1313;10/06/1985
1314;02/09/2006
1315;15/02/1992
1316;11/04/1980
1317;10/08/1985
1318;04/02/2012
1319;11/05/1995
1320;01/11/2000
1321;06/03/2004
1322;15/04/2008
1323;06/01/2016
1324;09/04/1991
1325;07/11/1994
1326;04/01/2021
1327;07/09/1992
1328;12/03/2003
1329;06/11/1992
1330;04/02/2013
1331;13/11/2008
1332;15/06/2021
1333;12/04/2009
1334;05/02/1997
1335;11/12/1984
1336;09/02/2024
1337;06/09/2001
1338;14/11/2017
1339;08/07/2003
1340;06/07/2004
1341;02/01/2022
1342;02/10/2007
1343;12/09/2006
1344;11/07/2004
1345;10/12/2024
1346;13/02/2020
1347;09/08/2000
1348;10/11/2003
1349;06/11/2009
1350;09/03/1993
1351;11/07/2011
1352;01/06/2023
1353;09/07/1994
1354;14/05/1982
1355;14/06/2024
1356;10/12/2017
1357;08/03/1991
1358;01/08/2006
1359;12/08/1996
1360;13/07/1992
1361;09/09/1989
1362;07/01/2019
1363;07/08/2001
1364;11/10/1987
1365;07/03/2007
1366;07/09/2015
1367;02/01/2002
1368;01/09/2012
1369;15/04/2002
1370;04/12/2005
1371;08/02/2018
1372;07/04/2007
1373;05/09/2021
1374;07/07/2000
1375;11/01/2013
1376;15/05/1985
1377;12/08/2002
1378;13/07/2021
1379;02/07/2023
1380;05/02/2016
1381;04/04/2023
1382;04/09/1984
1383;01/07/1986
1384;15/11/2002
1385;15/04/1984
1386;04/11/1983
1387;13/12/2024
1388;05/06/1995
1389;08/07/1982
1390;01/02/1997
1391;12/01/2002
1392;14/01/1986
1393;01/08/2024
1394;04/05/1986
1395;11/02/1995
1396;14/12/2010
1397;12/06/1989
1398;04/09/1986
1399;12/01/2015
1400;10/09/1995
1401;02/11/1988
1402;13/06/1984
1403;13/10/1981
1404;02/01/1983
1405;07/09/2001
1406;04/11/1991
1407;06/10/2012
1408;15/06/1996
1409;02/05/2016
1410;11/09/1991
1411;13/04/2007
1412;02/04/2003
1413;07/09/2000
1414;12/05/1999
1415;09/11/1993
1416;12/05/2001
1417;02/12/1992
1418;04/05/1991
1419;06/02/2001
1420;03/08/1982
1421;06/07/2014
1422;04/02/2018
1423;14/08/2003
1424;05/09/2012
1425;08/03/1988
1426;02/09/1993
1427;13/07/2016
1428;03/08/2018
1429;12/09/1985
1430;02/05/1994
1431;13/03/1981
1432;12/11/2006
1433;05/07/2000
1434;14/07/2012
1435;13/04/1995
1436;08/08/2024
1437;05/03/2011
1438;04/03/2014
1439;11/08/2001
1440;03/05/2024
1441;05/10/1983
1442;08/10/2004
1443;13/07/1996
1444;05/12/1990
1445;02/07/1989
1446;09/03/1998
1447;13/07/2024
1448;02/09/1994
1449;01/12/2003
1450;12/01/1980
1451;08/05/1984
1452;07/08/1986
1453;12/07/2015
1454;08/08/1998
1455;06/05/2017
1456;04/12/1985
1457;01/08/2004
1458;03/01/1995
1459;01/06/1984
1460;12/02/2006
1461;02/12/1981
1462;07/12/2023
1463;08/07/1994
1464;15/03/1980
1465;03/04/2000
1466;14/01/1981
1467;15/06/1999
1468;15/06/2023
1469;14/04/2011
1470;06/07/2000
1471;15/08/1981
1472;01/09/1985
1473;06/03/1998
1474;10/05/2010
1475;10/03/2006
1476;06/04/1987
1477;09/02/2022
1478;12/09/1983
1479;09/07/1987
1480;08/12/2016
1481;05/06/2013
1482;01/09/2020
1483;01/12/2007
1484;06/05/2006
1485;02/04/2009
1486;05/08/1986
1487;10/03/1992
1488;14/01/2021
1489;09/04/2019
1490;02/09/1992
1491;08/02/2020
1492;04/09/2007
1493;11/02/1989
1494;04/04/1986
1495;02/10/2002
1496;08/09/1990
1497;11/02/2013
1498;02/06/1982
1499;11/12/1986
1500;10/04/2005
1501;08/08/2004
1502;11/10/1997
1503;01/06/1984
1504;08/02/2024
1505;05/05/1987
1506;08/11/2022
1507;08/04/1994
1508;02/07/1990
1509;10/07/1988
1510;13/10/1984
1511;04/11/1992
1512;09/03/1984
1513;09/12/1984
1514;05/05/2023
1515;11/03/2015
1516;02/06/1996
1517;01/07/1998
1518;09/12/2022
1519;02/07/1986
1520;13/05/1980
1521;14/09/1992
1522;09/03/2014
1523;06/03/2011
1524;05/11/2009
1525;07/03/2006
1526;12/09/2020
1527;11/06/2002
1528;15/01/2021
1529;10/07/2011
1530;12/04/1981
1531;13/04/1989
1532;01/08/2017
1533;15/11/1984
1534;14/10/2011
1535;13/07/2003
1536;07/12/2001
1537;12/12/2011
1538;07/11/2009
1539;10/09/2023
1540;10/04/2021
1541;03/11/1993
1542;08/11/2021
1543;05/04/1981
1544;05/05/2021
1545;11/04/2012
1546;07/03/1986
1547;06/08/2006
1548;01/08/2009
1549;11/01/2005
1550;05/06/1982
1551;08/03/2000
1552;13/01/2012
1553;07/08/1999
1554;04/08/2006
1555;04/09/2011
1556;12/07/1995
1557;05/06/2002
1558;06/03/1985
1559;02/04/1990
1560;07/03/2024
1561;12/03/2022
1562;03/12/2015
1563;14/02/1989
1564;07/05/1996
1565;10/11/1981
1566;05/10/2005
1567;04/12/1985
1568;15/07/2003
1569;15/10/2021
1570;07/03/2024
1571;02/09/1988
1572;05/07/2001
1573;13/04/2012
1574;03/09/2001
1575;03/08/1993
1576;07/07/2007
1577;09/03/1989
1578;05/04/2005
1579;12/03/2004
1580;10/05/2006
1581;13/04/2018
1582;08/06/2004
1583;14/02/1990
1584;02/07/1993
1585;09/02/2009
1586;10/12/1981
1587;01/05/1986
1588;15/07/2008
1589;15/09/2005
1590;08/08/2024
1591;01/04/1980
1592;06/03/2018
1593;14/07/1984
1594;09/11/2024
1595;12/12/2008
1596;01/03/1998
1597;11/12/2015
1598;14/12/1981
1599;14/08/1991
1600;07/03/1985
1601;14/09/1982
1602;10/01/2022
1603;04/08/1995
1604;05/12/1993
1605;15/08/1994
1606;15/08/2008
1607;10/07/2014
1608;14/10/2007
1609;11/12/1993
1610;06/03/2006
1611;04/09/2016
1612;14/05/2012
1613;10/09/2013
1614;06/01/1989
1615;15/03/2020
1616;11/10/1991
1617;09/04/1984
1618;05/07/1987
1619;09/10/2017
1620;15/07/2011
1621;02/01/2011
1622;06/12/1998
1623;14/12/1994
1624;08/08/1993
1625;07/12/1984
1626;15/12/1980
1627;08/05/2011
1628;04/01/2004
1629;06/11/1994
1630;03/03/2005
1631;09/05/1986
1632;13/10/2000
1633;10/06/2005
1634;11/03/1988
1635;10/04/2009
1636;10/11/2007
1637;05/10/2006
1638;12/04/2010
1639;03/08/1996
1640;09/10/2015
1641;14/10/1992
1642;09/07/2011
1643;01/02/1994
1644;15/12/1983
1645;06/11/2003
1646;13/12/2010
1647;01/12/1990
1648;13/02/1996
1649;06/02/2001
1650;02/02/2002
1651;09/04/1999
1652;14/07/2010
1653;15/02/2020
1654;04/08/1981
1655;11/09/1980
1656;05/03/2011
1657;11/05/2001
1658;06/07/1981
1659;01/08/1983
1660;15/10/1994
1661;08/12/2006
1662;07/06/2016
1663;14/10/1988
1664;15/01/2015
1665;12/07/2013
1666;13/01/2023
1667;02/03/1988
1668;08/03/2016
1669;11/03/1986
1670;11/11/1985
1671;13/02/1984
1672;02/08/1983
1673;12/07/1984
1674;02/10/2021
1675;12/10/2015
1676;08/08/2017
1677;01/06/2009
1678;03/01/1981
1679;06/11/1999
1680;04/08/1987
1681;13/12/2017
1682;10/02/2016
1683;06/10/1995
1684;02/12/1984
1685;15/02/1981
1686;08/09/1993
1687;01/08/2001
1688;04/05/1988
1689;14/04/1983
1690;11/12/1995
1691;05/02/2009
1692;08/11/1997
1693;06/08/2014
1694;03/08/1986
1695;08/08/2008
1696;04/09/2011
1697;12/08/1994
1698;06/11/1995
1699;05/05/1997
1700;07/06/2002
1701;04/03/2024
1702;15/05/2012
1703;06/09/2018
1704;15/07/1999
1705;05/10/2010
1706;06/07/2013
1707;12/09/1981
1708;13/12/2015
1709;01/05/1987
1710;01/07/2007
1711;13/07/1995
1712;14/09/1998
1713;05/02/1999
1714;05/09/1989
1715;04/02/1981
1716;08/08/2000
1717;05/06/2019
1718;05/10/2008
1719;05/05/2012
1720;04/09/2006
1721;01/04/1984
1722;06/05/2003
1723;07/03/2018
1724;08/01/2010
1725;01/03/2001
1726;01/10/1991
1727;11/10/1997
1728;03/03/2023
1729;07/01/1989
1730;01/04/2020
1731;02/10/1990
1732;04/01/1991
1733;03/11/2016
1734;10/06/2021
1735;15/06/1997
1736;06/01/2019
1737;05/11/1981
1738;03/11/1982
1739;08/02/2008
1740;12/10/2005
1741;07/08/1982
1742;02/12/2009
1743;06/07/2023
1744;08/07/1987
1745;10/06/2014
1746;02/07/2021
1747;15/07/2003
1748;04/09/1993
1749;01/11/2016
1750;04/09/2020
1751;05/06/2019
1752;04/03/2021
1753;08/08/1987
1754;04/09/2004
1755;15/02/2018
1756;07/07/1996
1757;10/09/2021
1758;09/01/2019
1759;12/12/2011
1760;12/08/2008
1761;10/08/1999
1762;11/04/1988
1763;06/10/1980
1764;08/02/1989
1765;01/06/2002
1766;09/01/1989
1767;05/05/1989
1768;09/04/2024
1769;03/08/2008
1770;05/06/1993
1771;05/02/1996
1772;13/11/2021
1773;01/07/1984
1774;15/02/1980
1775;05/07/2014
1776;11/02/1990
1777;09/05/1995
1778;06/03/1999
1779;12/03/1982
1780;10/10/1996
1781;07/12/2020
1782;01/03/1991
1783;04/04/2022
1784;05/11/1989
1785;01/10/1995
1786;02/12/2023
1787;07/09/2008
1788;05/05/1984
1789;12/05/2014
1790;08/09/2012
1791;10/08/1988
1792;15/02/2010
1793;13/04/2019
1794;05/07/2008
1795;11/11/1990
1796;12/07/1999
1797;01/06/2016
1798;10/08/1994
1799;12/01/2017
1800;06/10/1981
1801;04/05/2009
1802;02/01/2020
1803;13/07/1985
1804;08/03/1997
1805;13/12/1982
1806;02/08/1981
1807;07/06/1995
1808;02/05/2013
1809;09/09/1984
1810;11/10/2022
1811;05/02/2012
1812;08/12/2006
1813;09/01/2009
1814;02/07/2024
1815;15/10/2012
1816;09/08/1988
1817;04/01/2007
1818;02/07/2000
1819;13/05/2022
1820;05/03/2007
1821;03/05/2011
1822;04/05/2019
1823;07/07/2001
1824;04/08/2007
1825;12/08/1982
1826;03/02/2004
1827;12/09/2019
1828;09/05/2005
1829;13/02/1992
1830;11/09/2003
1831;14/07/1983
1832;04/08/1984
1833;07/04/1989
1834;01/11/1982
1835;10/12/2013
1836;07/12/1985
1837;03/05/2008
1838;06/10/1983
1839;14/10/1993
1840;13/11/1997
1841;14/12/1983
1842;08/08/2001
1843;02/02/2009
1844;04/06/2018
1845;09/10/2019
1846;04/01/1980
1847;02/04/2014
1848;02/04/1989
1849;11/03/2004
1850;02/06/1989
1851;11/12/1986
1852;11/05/2020
1853;03/11/2014
1854;09/09/1988
1855;10/12/2020
1856;14/09/2019
1857;05/02/1981
1858;06/06/2005
1859;04/05/2019
1860;11/12/2018
1861;13/11/1992
1862;04/06/2000
1863;06/05/2014
1864;06/02/1980
1865;07/06/1982
1866;02/03/2007
1867;02/09/1982
1868;01/08/1980
1869;11/07/2006
1870;01/03/2006
1871;01/01/2003
1872;06/07/1980
1873;05/05/1993
1874;08/04/2019
1875;05/12/1997
1876;10/03/2002
1877;11/02/1984
1878;01/01/1988
1879;13/09/2001
1880;14/09/1981
1881;04/07/2021
1882;06/09/2001
1883;02/07/2022
1884;10/03/1986
1885;03/08/2004
1886;11/11/1991
1887;10/06/1985
1888;10/07/1989
1889;04/01/2015
1890;08/12/2015
1891;03/03/1983
1892;06/01/2011
1893;02/06/1991
1894;14/07/1990
1895;14/06/2008
1896;15/10/2019
1897;14/03/2012
1898;13/05/1984
1899;03/07/2010
1900;15/02/2022
1901;10/09/2018
1902;10/06/2019
1903;13/01/2007
1904;03/10/2007
1905;07/01/2020
1906;10/11/1980
1907;11/06/2000
1908;12/02/2013
1909;10/10/2007
1910;12/01/1998
1911;07/01/1998
1912;03/03/1995
1913;12/03/2014
1914;05/05/2022
1915;06/10/1999
1916;10/07/1989
1917;10/03/2023
1918;01/06/2010
1919;04/01/1992
1920;05/08/1997
1921;10/02/2016
1922;03/01/2004
1923;15/05/1998
1924;02/10/2016
1925;05/04/1996
1926;05/10/2008
1927;04/05/1984
1928;07/11/1998
1929;07/08/1980
1930;02/12/2008
1931;02/05/2013
1932;08/11/2018
1933;07/12/1986
1934;03/06/2020
1935;07/01/2023
1936;08/03/2005
1937;08/01/2004
1938;05/05/1980
1939;15/01/1992
1940;05/08/2001
1941;01/01/2019
1942;11/04/2010
1943;04/11/1993
1944;15/09/1986
1945;10/08/2007
1946;07/07/2014
1947;03/11/1985
1948;13/01/2010
1949;05/11/1989
1950;10/10/1980
1951;13/07/2008
1952;13/09/2013
1953;06/01/1987
1954;08/06/2015
1955;11/07/2022
1956;09/03/2012
1957;12/09/2022
1958;04/11/2011
1959;08/11/1997
1960;11/07/2013
1961;04/05/2015
1962;06/04/1981
1963;13/09/1981
1964;12/01/1989
1965;12/04/2011
1966;09/07/1995
1967;08/10/2017
1968;06/01/2011
1969;14/05/1982
1970;01/03/1982
1971;12/09/2022
1972;13/09/1990
1973;02/01/2017
1974;07/08/1981
1975;14/05/1985
1976;14/12/2017
1977;09/05/1996
1978;14/06/2006
1979;04/12/2014
1980;14/07/2012
1981;15/11/1994
1982;07/10/2009
1983;11/02/2011
1984;05/06/2022
1985;03/04/2022
1986;02/08/2010
1987;11/09/2013
1988;06/04/2004
1989;07/01/2018
1990;14/09/2020
1991;13/11/1999
1992;08/12/2018
1993;14/10/1999
1994;01/01/2005
1995;03/11/2016
1996;01/11/2008
1997;09/09/2009
1998;03/11/1997
1999;03/09/2009
2000;04/03/2000
2001;11/12/2000
2002;06/05/2015
2003;03/12/1990
2004;03/08/2005
2005;14/05/2017
2006;12/03/2021
2007;14/05/2003
2008;07/04/1984
2009;13/07/2005
2010;10/08/1996
2011;08/05/2022
2012;07/03/1982
2013;13/10/2000
2014;15/02/2012
2015;10/02/2015
2016;02/10/2001
2017;04/01/1995
2018;10/11/1986
2019;13/12/2011
2020;04/01/2012
2021;15/02/2009
2022;05/11/2000
2023;01/04/1988
2024;10/01/2001
2025;01/06/2009
2026;13/06/2024
2027;05/12/2010
2028;03/05/1986
2029;11/02/1981
2030;01/05/1993
2031;08/05/1989
2032;11/09/2024
2033;02/10/1987
2034;02/03/1997
2035;03/10/2017
2036;03/11/1986
2037;08/04/2008
2038;14/07/1992
2039;07/06/2018
2040;11/07/2009
2041;06/04/1995
2042;09/04/2007
2043;04/07/1994
2044;06/12/2023
2045;10/07/2022
2046;08/10/2018
2047;09/08/1998
2048;10/01/2008
2049;12/06/2018
2050;11/03/2024
2051;05/02/2013
2052;11/05/2015
2053;15/09/1992
2054;04/06/1992
2055;12/11/2010
2056;11/11/2003
2057;03/05/2002
2058;11/04/1984
2059;15/01/1984
2060;04/04/2008
2061;04/12/2020
2062;12/01/2022
2063;08/11/2020
2064;10/06/1989
2065;04/07/2010
2066;11/11/1998
2067;09/07/2012
2068;09/01/1992
2069;09/07/1991
2070;11/10/2015
2071;08/09/2001
2072;12/02/1983
2073;09/06/1983
2074;07/12/1997
2075;07/03/2021
2076;10/12/1994
2077;02/10/1984
2078;02/03/2021
2079;09/12/1984
2080;07/06/1983
2081;11/09/2015
2082;02/02/2018
2083;03/02/1998
2084;01/11/2001
2085;13/05/1990
2086;08/05/2007
2087;11/08/1987
2088;15/02/1980
2089;03/08/1986
2090;09/11/2024
2091;15/06/2010
2092;01/05/1992
2093;15/03/1991
2094;14/04/2016
2095;12/03/1994
2096;14/06/1988
2097;12/06/2020
2098;07/12/2002
2099;12/07/2003
2100;01/03/1983
2101;05/12/1996
2102;10/04/1996
2103;04/10/1981
2104;09/03/2017
2105;10/11/1982
2106;04/09/2011
2107;04/09/1991
2108;01/05/1988
2109;07/07/1993
2110;02/05/2009
2111;10/01/1993
2112;07/03/1980
2113;13/08/2008
2114;11/09/2014
2115;13/12/1987
2116;02/10/2023
2117;02/08/2009
2118;15/01/2017
2119;11/12/2023
2120;10/12/2008
2121;11/11/2015
2122;07/09/1996
2123;07/10/1990
2124;06/10/2020
2125;14/10/2000
2126;13/04/1996
2127;13/09/2003
2128;07/05/2013
2129;08/09/2014
2130;06/08/1993
2131;10/03/2024
2132;10/04/1985
2133;06/02/2003
2134;11/11/1990
2135;06/12/1983
2136;11/06/2006
2137;13/07/1998
2138;07/10/2022
2139;09/09/1987
2140;09/10/1984
2141;09/12/2002
2142;11/03/2024
2143;08/08/1988
2144;09/09/1999
2145;08/08/2012
2146;14/08/1992
2147;12/05/1988
2148;04/12/2002
2149;09/11/1994
2150;02/04/1980
2151;14/08/1998
2152;15/07/1989
2153;03/08/2019
2154;07/11/1981
2155;05/03/2003
2156;08/04/1995
2157;03/04/2003
2158;08/03/2024
2159;07/09/1998
2160;07/11/1999
2161;04/11/2014
2162;12/07/2015
2163;09/10/1984
2164;13/08/2014
2165;10/12/1993
2166;13/12/2011
2167;08/01/2000
2168;05/02/2015
2169;14/07/2022
2170;11/07/1987
2171;12/06/1994
2172;12/10/2013
2173;03/09/2011
2174;15/12/2009
2175;05/10/1998
2176;10/02/2009
2177;15/02/1998
2178;09/11/2003
2179;13/02/2004
2180;09/07/2009
2181;15/09/2016
2182;04/11/1983
2183;12/07/2012
2184;11/04/2005
2185;15/03/1995
2186;06/08/2024
2187;14/09/2005
2188;06/11/2012
2189;06/11/1985
2190;08/11/1985
2191;06/04/2021
2192;08/08/2014
2193;12/01/1984
2194;07/08/2020
2195;12/04/1987
2196;12/08/1990
2197;14/04/2015
2198;13/11/1981
2199;13/05/1989
2200;02/05/2007
2201;10/02/1985
2202;13/09/1984
2203;05/06/2016
2204;02/08/1991
2205;11/07/2005
2206;05/12/2000
2207;14/10/1991
2208;04/07/2009
2209;14/03/1984
2210;07/02/2021
2211;10/03/1995
2212;05/04/1996
2213;09/05/2020
2214;01/01/1994
2215;05/01/1996
2216;04/09/1992
2217;09/09/2019
2218;06/01/1991
2219;04/03/2009
2220;03/05/1989
2221;07/02/2000
2222;12/08/2009
2223;11/04/2014
2224;05/11/2003
2225;08/01/1985
2226;15/02/2011
2227;04/10/2020
2228;04/08/2023
2229;03/11/2011
2230;09/10/2024
2231;05/12/2017
2232;15/12/2010
2233;07/02/2002
2234;08/06/2007
2235;09/04/2006
2236;15/12/1997
2237;04/04/2014
2238;14/06/2014
2239;14/03/2021
2240;12/05/2007
2241;09/06/2016
2242;08/09/1997
2243;09/05/1981
2244;14/09/1995
2245;04/12/2023
2246;06/04/1989
2247;08/05/2008
2248;02/05/2018
2249;09/09/1992
2250;13/11/1993
2251;03/06/2024
2252;05/12/2018
2253;01/07/2006
2254;04/07/2012
2255;01/06/2004
2256;15/05/1984
2257;06/12/1998
2258;06/11/1996
2259;13/06/2012
2260;05/08/2009
2261;08/02/1998
2262;12/04/2015
2263;08/04/2002
2264;10/07/1992
2265;03/05/2015
2266;10/12/1985
2267;04/09/1998
2268;02/01/2007
2269;02/02/2017
2270;09/03/1991
2271;04/10/2000
2272;02/05/1981
2273;15/07/2015
2274;10/08/1999
2275;02/04/2015
2276;01/09/1985
2277;12/03/2019
2278;10/09/1997
2279;02/01/2015
2280;14/09/1981
2281;13/09/2012
2282;10/06/2023
2283;15/12/2021
2284;05/12/1983
2285;10/01/1999
2286;13/01/2007
2287;09/08/2002
2288;06/12/1980
2289;12/01/2006
2290;12/09/1986
2291;08/01/1991
2292;12/08/1983
2293;10/11/2016
2294;10/02/1984
2295;13/02/2020
2296;08/02/2010
2297;09/04/1987
2298;12/08/1993
2299;12/10/2009
2300;06/02/2002
2301;11/09/1991
2302;12/04/2020
2303;10/12/2016
2304;07/11/2012
2305;10/02/1993
2306;15/11/2006
2307;10/08/1983
2308;04/01/1994
2309;02/12/2019
2310;01/12/1980
2311;02/11/2008
2312;07/12/2011
2313;09/04/1988
2314;05/01/1997
2315;13/08/2018
2316;15/04/2019
2317;05/08/2023
2318;15/02/2004
2319;12/12/1998
2320;15/11/1993
2321;02/12/1984
2322;05/06/2021
2323;09/03/2013
2324;05/06/2012
2325;06/11/1999
2326;01/10/2000
2327;10/04/1981
2328;04/05/1992
2329;04/09/2005
2330;08/04/1990
2331;11/05/1989
2332;11/06/1991
2333;11/06/2009
2334;15/05/2013
2335;09/09/2017
2336;14/12/2013
2337;04/01/2003
2338;02/12/1995
2339;03/01/1990
2340;04/09/2001
2341;02/12/1985
2342;05/11/2020
2343;14/06/2003
2344;11/08/1980
2345;11/09/2012
2346;15/03/2009
2347;04/02/2015
2348;04/04/2014
2349;05/02/1982
2350;09/09/2024
2351;04/01/2024
2352;01/08/2010
2353;02/06/2021
2354;04/05/2023
2355;13/10/1990
2356;13/06/2004
2357;09/07/2024
2358;09/01/2006
2359;06/07/2008
2360;15/07/2013
2361;07/05/2018
2362;07/07/1998
2363;02/06/2011
2364;07/12/2011
2365;05/07/2020
2366;04/07/1999
2367;03/02/2019
2368;12/11/1987
2369;14/03/2019
2370;03/09/1988
2371;04/05/1993
2372;11/04/2001
2373;02/06/2010
2374;06/03/1985
2375;08/07/1990
2376;01/01/2002
2377;08/04/1980
2378;13/01/1986
2379;06/06/2003
2380;12/07/1987
2381;13/08/2014
2382;02/09/1999
2383;03/12/1986
2384;07/03/1980
2385;10/11/1996
2386;14/06/2017
2387;08/11/1995
2388;05/02/2004
2389;09/12/2004
2390;05/03/2023
2391;13/06/2004
2392;01/01/1994
2393;06/02/1996
2394;15/02/2005
2395;13/07/2003
2396;12/06/2012
2397;10/11/1999
2398;11/06/2017
2399;14/06/1987
2400;01/02/2021
2401;07/09/2021
2402;13/11/2002
2403;15/11/2006
2404;04/05/1993
2405;13/06/2016
2406;13/04/1987
2407;13/10/2010
2408;10/11/2015
2409;13/02/2003
2410;13/05/2004
2411;10/11/2021
2412;15/02/1984
2413;05/01/1995
2414;04/10/2007
2415;02/11/2024
2416;12/03/2002
2417;14/03/2014
2418;01/10/2017
2419;15/09/1998
2420;12/08/2020
2421;12/03/1993
2422;02/01/1994
2423;01/02/1995
2424;12/06/2013
2425;03/05/1995
2426;10/04/1984
2427;09/09/2011
2428;14/12/1998
2429;12/02/2010
2430;07/10/1989
2431;07/08/1980
2432;12/06/1997
2433;02/04/1981
2434;13/02/1993
2435;06/06/1985
2436;15/10/1998
2437;01/02/2019
2438;15/09/2012
2439;07/01/2004
2440;10/08/1987
2441;01/08/2005
2442;04/05/1990
2443;04/09/1995
2444;14/03/2020
2445;11/12/1997
2446;07/09/2015
2447;04/11/1992
2448;06/06/1998
2449;09/05/2022
2450;09/01/2014
2451;02/04/1989
2452;09/08/2000
2453;06/04/2014
2454;04/02/2005
2455;01/12/1988
2456;05/05/1991
2457;06/10/1997
2458;13/01/1981
2459;10/04/2014
2460;10/05/1986
2461;09/07/2015
2462;13/04/2017
2463;03/03/1989
2464;07/01/2009
2465;03/07/2019
2466;04/01/1987
2467;08/10/1983
2468;03/11/2016
2469;08/03/2012
2470;08/11/2003
2471;02/01/2019
2472;03/11/2011
2473;02/01/2006
2474;10/04/1981
2475;05/02/2005
2476;10/04/1995
2477;13/04/2016
2478;14/06/2019
2479;13/11/2019
2480;06/07/1981
2481;10/10/2020
2482;02/11/2024
2483;01/07/1983
2484;12/09/2024
2485;06/10/2013
2486;06/02/2017
2487;05/04/2020
2488;01/12/1986
2489;03/01/2008
2490;13/03/1984
2491;01/10/2017
2492;15/04/2012
2493;15/02/2018
2494;05/08/1981
2495;01/02/2012
2496;03/06/1985
2497;11/07/1986
2498;07/08/2019
2499;05/07/1991
2500;03/07/1985
2501;08/02/1997
2502;14/05/2001
2503;05/05/1991
2504;13/01/1989
2505;03/11/2008
2506;05/07/1999
2507;11/05/1983
2508;08/11/2024
2509;10/10/2009
2510;07/10/2017
2511;14/09/2007
2512;14/03/1986
2513;14/06/2010
2514;01/12/2015
2515;06/11/2019
2516;04/04/1990
2517;04/07/2007
2518;04/06/1988
2519;14/03/1980
2520;12/12/1996
2521;14/01/2017
2522;08/12/2008
2523;09/01/1995
2524;07/11/1996
2525;04/08/1996
2526;03/04/1982
2527;13/03/2000
2528;06/06/2005
2529;05/08/1982
2530;02/02/1986
2531;03/06/2008
2532;07/02/2016
2533;14/11/2005
2534;01/06/1981
2535;06/12/2013
2536;07/05/1998
2537;07/07/1981
2538;06/06/1995
2539;11/06/2020
2540;12/12/1984
2541;03/11/1986
2542;12/04/2002
2543;02/02/2017
2544;15/08/2007
2545;02/07/2013
2546;09/02/2023
2547;08/01/1989
2548;15/06/1991
2549;13/01/2017
2550;03/10/1989
2551;08/10/1987
2552;07/01/2023
2553;05/09/2016
2554;09/12/2001
2555;12/08/2019
2556;08/11/2023
2557;13/03/2015
2558;14/08/2021
2559;07/07/1995
2560;05/05/2021
2561;08/07/1985
2562;05/11/2006
2563;12/01/2006
2564;03/09/1995
2565;09/07/1982
2566;10/11/1982
2567;02/11/1991
2568;11/07/2005
2569;01/06/1980
2570;12/06/1993
2571;04/11/1982
2572;13/01/1983
2573;02/11/2000
2574;07/05/2003
2575;15/02/2008
2576;05/10/2021
2577;01/01/2017
2578;04/10/1994
2579;14/03/2021
2580;15/07/2012
2581;13/02/2019
2582;10/08/2023
2583;05/01/1985
2584;12/11/2019
2585;04/03/2007
2586;13/01/2013
2587;06/08/2004
2588;08/12/1993
2589;04/08/2013
2590;11/07/1982
2591;13/04/2007
2592;01/09/1985
2593;12/05/2001
2594;04/08/2013
2595;02/11/2015
2596;07/04/2006
2597;11/02/1982
2598;07/10/2015
2599;11/01/1990
2600;05/06/2014
2601;06/10/2000
2602;11/08/2018
2603;11/07/2015
2604;03/09/2018
2605;09/07/2023
2606;10/06/1989
2607;14/01/1980
2608;11/02/1983
2609;11/04/2006
2610;02/09/2013
2611;13/04/2024
2612;08/11/1982
2613;12/09/2016
2614;10/03/2018
2615;15/11/1983
2616;01/06/1997
2617;12/07/2012
2618;04/12/1983
2619;11/07/1996
2620;12/10/2008
2621;09/03/2017
2622;08/12/2002
2623;10/07/2001
2624;08/04/2017
2625;09/06/2013
2626;02/12/2014
2627;07/08/1999
2628;15/09/2015
2629;03/11/1984
2630;07/11/1991
2631;14/11/1984
2632;02/11/2010
2633;04/12/2015
2634;10/11/1983
2635;02/03/1987
2636;09/03/2021
2637;11/10/2010
2638;15/06/2003
2639;15/05/1987
2640;01/10/1997
2641;13/01/2006
2642;05/09/2001
2643;01/12/1984
2644;13/02/1997
2645;10/06/2008
2646;12/05/2021
2647;13/04/2019
2648;05/06/1992
2649;01/02/2021
2650;11/02/2018
2651;10/11/2009
2652;10/06/1994
2653;07/06/1987
2654;02/12/2009
2655;14/06/1986
2656;14/06/2003
2657;03/04/2001
2658;12/01/2018
2659;03/06/2012
2660;09/06/1996
2661;07/01/1987
2662;03/01/1988
2663;13/12/1986
2664;10/07/2011
2665;03/08/2024
2666;09/07/2018
2667;06/01/2011
2668;01/12/2020
2669;03/04/1991
2670;08/05/1991
2671;12/12/1985
2672;13/02/2023
2673;10/08/2011
2674;14/06/1992
2675;12/01/2011
2676;02/07/1994
2677;11/12/2021
2678;07/07/1987
2679;10/11/2001
2680;05/09/1983
2681;01/10/2016
2682;06/06/1989
2683;12/09/2023
2684;15/12/1980
2685;07/02/2012
2686;09/10/2000
2687;05/12/1982
2688;01/08/1999
2689;09/11/1981
2690;05/10/2010
2691;13/01/2003
2692;01/08/2009
2693;08/04/2007
2694;09/10/2009
2695;06/04/2007
2696;05/08/1989
2697;13/08/2013
2698;10/12/1988
2699;07/10/1982
2700;14/08/2007
2701;06/09/1993
2702;09/07/2015
2703;08/04/2023
2704;05/02/2009
2705;10/07/2009
2706;06/05/1987
2707;09/09/1980
2708;04/10/1991
2709;15/12/2007
2710;15/08/2012
2711;02/09/2001
2712;11/09/2023
2713;14/03/1982
2714;02/04/2001
2715;08/09/2010
2716;08/03/2015
2717;06/09/1997
2718;10/09/1992
2719;15/12/2017
2720;14/05/1997
2721;07/10/2003
2722;07/06/2022
2723;08/11/2000
2724;07/06/1983
2725;02/10/2014
2726;15/12/1984
2727;10/04/1983
2728;04/05/2019
2729;07/01/1992
2730;09/08/1997
2731;03/12/2007
2732;03/01/2000
2733;02/05/1987
2734;05/02/2019
2735;01/08/2019
2736;10/11/2015
2737;13/01/2020
2738;02/03/2001
2739;05/03/1993
2740;04/01/2009
2741;14/10/2007
2742;13/11/2005
2743;14/10/2010
2744;10/12/2002
2745;13/09/2015
2746;01/04/2015
2747;11/08/2009
2748;03/12/2024
2749;15/12/1986
2750;06/10/1985
2751;02/07/1987
2752;04/02/1986
2753;06/12/2000
2754;06/11/2000
2755;11/10/2006
2756;11/03/1982
2757;12/08/1987
2758;13/06/2009
2759;01/11/1994
2760;04/04/2021
2761;12/07/1997
2762;12/09/2020
2763;02/06/2011
2764;09/07/1988
2765;03/05/1985
2766;04/05/2008
2767;07/02/2015
2768;14/09/2023
2769;11/12/1981
2770;15/04/1989
2771;14/02/2018
2772;12/12/1993
2773;12/09/1993
2774;04/02/2013
2775;10/08/2002
2776;08/03/1987
2777;08/10/2006
2778;02/01/2005
2779;02/05/2004
2780;07/08/2001
2781;15/11/2019
2782;02/04/2023
2783;07/10/2010
2784;11/05/2021
2785;14/05/1996
2786;12/11/2009
2787;02/09/1998
2788;08/11/1985
2789;03/08/2015
2790;06/07/2000
2791;03/12/1989
2792;05/06/2014
2793;13/01/2016
2794;02/01/1980
2795;07/02/1984
2796;11/07/2005
2797;12/06/2009
2798;07/08/1997
2799;15/08/2010
2800;12/01/1992
2801;15/05/1995
2802;05/04/2000
2803;13/12/2010
2804;02/08/2003
2805;13/11/2009
2806;03/05/1999
2807;02/11/1984
2808;11/06/2019
2809;03/06/2000
2810;10/05/2023
2811;13/09/2012
2812;13/04/2022
2813;01/02/2019
2814;14/01/1982
2815;11/09/2010
2816;02/03/1984
2817;11/12/1998
2818;13/12/2009
2819;05/02/2022
2820;13/04/1999
2821;07/06/2002
2822;06/07/2009
2823;06/01/2013
2824;13/04/2023
2825;04/08/2014
2826;03/04/1987
2827;07/12/1993
2828;10/01/2011
2829;02/08/1983
2830;10/06/2000
2831;15/07/2003
2832;09/11/2002
2833;10/10/2003
2834;09/07/1996
2835;01/04/2008
2836;09/10/1995
2837;06/06/2004
2838;12/11/2011
2839;04/06/1983
2840;07/05/2004
2841;01/10/2024
2842;12/10/1985
2843;11/11/2022
2844;09/03/2013
2845;12/05/2022
2846;08/01/2003
2847;06/09/1988
2848;12/11/1983
2849;01/01/2015
2850;01/01/2010
2851;03/09/1989
2852;12/05/2017
2853;13/10/2012
2854;15/08/2005
2855;05/09/2009
2856;11/08/2022
2857;14/12/1980
2858;04/03/1999
2859;10/06/1998
2860;12/08/2002
2861;10/06/2014
2862;02/12/2002
2863;13/07/2010
2864;09/07/1993
2865;12/07/2024
2866;04/09/1988
2867;13/11/2018
2868;06/10/1998
2869;05/12/1993
2870;11/05/2022
2871;03/09/2008
2872;07/05/1996
2873;08/01/2010
2874;15/10/2014
2875;15/07/2000
2876;05/03/2011
2877;09/01/1987
2878;05/06/1995
2879;06/12/2011
2880;05/11/1986
2881;05/02/2010
2882;07/11/1987
2883;15/06/2021
2884;10/12/2000
2885;14/01/1997
2886;06/02/2007
2887;08/05/2016
2888;14/09/2004
2889;05/04/2012
2890;13/06/2000
2891;07/10/2011
2892;10/01/2013
2893;03/03/2023
2894;07/11/2005
2895;15/08/1981
2896;13/05/2012
2897;07/01/2021
2898;07/11/1983
2899;13/04/2001
2900;14/07/2020
2901;14/07/1992
2902;12/09/2016
2903;10/12/2005
2904;15/12/1989
2905;04/01/2022
2906;02/09/1996
2907;12/04/2000
2908;03/04/2015
2909;06/03/1980
2910;02/04/1991
2911;02/10/1982
2912;11/10/1985
2913;09/05/2020
2914;13/12/2007
2915;08/02/1994
2916;12/08/1994
2917;06/09/2020
2918;04/08/2013
2919;10/12/2023
2920;08/06/2007
2921;02/03/2003
2922;14/11/1992
2923;01/01/1983
2924;11/08/2023
2925;11/02/1987
2926;01/11/1997
2927;13/08/1999
2928;05/06/1995
2929;09/05/2010
2930;04/01/2001
2931;01/05/1980
2932;10/09/1999
2933;12/11/1992
2934;01/11/1986
2935;05/05/1990
2936;03/04/1980
2937;01/02/2002
2938;11/10/2006
2939;09/09/1986
2940;05/09/1997
2941;06/11/1980
2942;03/11/2021
2943;06/07/2006
2944;02/01/1985
2945;05/07/2022
2946;09/05/2009
2947;03/05/2021
2948;05/09/2004
2949;01/10/1998
2950;01/03/1981
2951;06/02/2014
2952;14/07/2005
2953;14/08/2007
2954;08/07/1991
2955;15/02/2014
2956;01/09/2011
2957;07/11/2019
2958;03/08/2003
2959;12/06/2021
2960;15/05/2008
2961;08/05/2010
2962;01/09/1983
2963;01/01/1996
2964;02/11/2018
2965;12/08/1987
2966;14/11/1988
2967;09/03/1985
2968;09/04/2005
2969;08/12/2009
2970;15/05/1997
2971;12/04/2000
2972;11/07/1993
2973;05/12/2003
2974;03/04/2013
2975;13/07/2018
2976;11/06/1988
2977;11/12/2013
2978;07/12/1984
2979;15/05/2018
2980;07/04/1997
2981;12/12/1991
2982;04/05/2000
2983;02/11/2007
2984;02/06/2024
2985;12/12/1987
2986;11/11/2014
2987;15/11/2015
2988;06/09/1995
2989;11/01/2008
2990;06/05/2023
2991;14/02/2013
2992;09/07/2005
2993;10/04/2005
2994;07/10/1999
2995;01/02/2010
2996;08/10/1992
2997;15/08/2002
2998;03/05/1987
2999;04/05/1993
3000;06/09/1986
3001;07/11/2011
3002;11/09/2012
3003;01/03/2017
3004;06/04/2024
3005;14/06/1992
3006;02/02/2017
3007;08/07/1992
3008;15/09/2010
3009;15/07/2023
3010;13/07/2021
3011;15/09/2020
3012;05/01/2013
3013;05/01/1984
3014;04/07/1980
3015;15/01/1995
3016;07/10/2022
3017;09/01/2007
3018;02/02/1983
3019;11/02/2008
3020;05/04/2016
3021;02/05/1995
3022;06/11/1995
3023;10/10/2011
3024;06/10/1985
3025;11/04/1987
3026;10/05/1984
3027;13/08/2007
3028;01/01/2012
3029;12/03/2023
3030;04/05/1985
3031;01/01/2001
3032;12/04/1987
3033;04/05/1982
3034;10/02/1995
3035;12/06/1984
3036;02/08/2008
3037;07/11/1983
3038;06/02/1995
3039;12/03/2000
3040;15/09/2011
3041;05/02/2022
3042;13/06/2021
3043;08/05/2019
3044;12/02/2010
3045;10/06/2017
3046;15/03/2003
3047;09/06/1985
3048;10/07/1983
3049;04/01/2022
3050;08/06/1999
3051;14/01/2009
3052;06/03/2022
3053;06/06/1988
3054;06/03/1998
3055;05/08/2010
3056;11/04/2015
3057;01/08/2018
3058;06/09/2011
3059;05/12/1995
3060;06/10/1988
3061;10/12/2015
3062;01/12/2005
3063;05/01/1992
3064;12/01/1987
3065;10/02/1994
3066;05/03/1993
3067;14/06/1995
3068;04/06/1989
3069;04/01/1992
3070;06/02/1998
3071;06/05/1983
3072;05/05/2011
3073;06/05/2010
3074;07/09/2022
3075;02/05/1988
3076;06/05/2008
3077;12/10/1990
3078;09/01/1994
3079;09/08/2009
3080;15/02/2002
3081;07/09/2007
3082;06/06/1993
3083;13/03/2013
3084;04/05/1989
3085;01/12/1982
3086;14/12/2013
3087;08/12/2006
3088;14/10/2014
3089;10/12/2013
3090;07/02/2024
3091;01/02/2004
3092;12/06/2016
3093;04/12/2021
3094;05/09/1987
3095;10/01/2002
3096;11/08/2011
3097;05/09/1994
3098;14/09/2023
3099;07/04/2000
3100;02/12/2008
3101;15/09/2002
3102;04/09/2024
3103;08/02/1997
3104;05/08/1999
3105;15/06/2012
3106;09/10/1980
3107;14/08/2023
3108;01/04/1996
3109;13/04/2022
3110;02/07/2020
3111;04/01/1989
3112;03/12/2014
3113;10/06/1980
3114;14/03/2022
3115;07/03/2014
3116;07/08/2010
3117;04/10/2005
3118;09/02/1980
3119;05/04/2012
3120;03/10/2004
3121;05/01/2008
3122;06/09/2010
3123;01/07/1985
3124;09/01/2024
3125;08/12/1994
3126;01/11/2011
3127;06/03/2024
3128;01/06/1992
3129;06/10/1988
3130;15/05/2023
3131;05/09/1980
3132;14/04/1998
3133;04/06/1984
3134;03/08/2004
3135;11/11/1984
3136;11/01/2017
3137;03/05/2015
3138;09/12/2002
3139;12/09/2013
3140;09/12/2019
3141;05/10/1984
3142;15/03/2004
3143;09/07/1997
3144;03/08/1987
3145;07/03/2002
3146;07/01/2009
3147;01/02/1982
3148;15/04/1991
3149;10/02/2009
3150;11/02/2020
3151;02/05/1988
3152;04/05/2005
3153;03/06/2008
3154;12/07/1985
3155;10/11/1990
3156;12/12/2012
3157;05/03/2023
3158;04/12/2017
3159;05/08/1992
3160;11/08/1988
3161;10/10/2004
3162;03/05/1998
3163;13/01/1994
3164;06/02/2009
3165;03/07/1994
3166;15/10/1984
3167;13/11/2008
3168;06/09/1989
3169;06/04/2012
3170;01/08/2003
3171;02/10/1991
3172;03/06/2019
3173;03/10/1999
3174;11/02/2002
3175;06/10/2022
3176;02/08/1997
3177;05/09/2003
3178;01/09/1981
3179;15/12/1998
3180;12/08/2001
3181;02/08/2012
3182;10/06/2010
3183;04/08/2000
3184;12/07/1981
3185;07/07/2012
3186;12/04/2017
3187;03/04/2012
3188;08/09/1984
3189;01/06/1996
3190;04/01/1989
3191;01/01/1995
3192;02/04/2011
3193;05/05/1994
3194;07/05/2019
3195;08/12/1980
3196;06/07/2020
3197;03/06/2023
3198;03/03/2002
3199;01/04/1983
3200;07/05/2010
3201;12/11/1988
3202;12/11/2003
3203;07/12/1996
3204;05/09/2020
3205;10/11/1999
3206;03/10/2024
3207;07/03/2017
3208;06/02/1991
3209;15/07/1982
3210;15/09/1988
3211;01/03/2001
3212;01/02/2023
3213;05/02/1994
3214;01/01/2006
3215;01/01/1996
3216;03/11/2022
3217;09/07/2021
3218;01/09/1994
3219;09/02/1992
3220;09/03/1999
3221;10/01/2017
3222;15/01/2020
3223;01/04/2016
3224;14/12/2017
3225;09/04/2017
3226;04/02/1994
3227;03/04/1991
3228;01/10/1984
3229;13/07/2011
3230;03/11/1990
3231;01/10/1988
3232;08/03/1984
3233;12/07/1988
3234;03/11/1986
3235;09/02/1983
3236;14/02/2006
3237;05/11/1993
3238;10/10/1985
3239;10/08/2002
3240;10/09/2000
3241;12/09/2015
3242;08/06/2005
3243;02/01/1996
3244;01/02/2013
3245;11/02/1991
3246;06/05/2009
3247;13/10/1996
3248;02/09/2010
3249;11/03/1991
3250;08/01/2022
3251;08/09/2020
3252;14/12/1998
3253;02/02/2008
3254;13/05/2009
3255;03/07/2004
3256;08/08/2011
3257;08/04/2003
3258;08/12/1992
3259;05/12/1992
3260;03/07/2016
3261;02/10/2014
3262;10/08/2008
3263;12/09/2002
3264;12/06/2004
3265;06/12/2013
3266;08/04/1984
3267;08/12/2012
3268;13/03/2012
3269;06/11/1985
3270;02/05/1996
3271;09/06/1988
3272;02/01/2016
3273;14/01/2015
3274;04/10/1993
3275;13/09/2003
3276;06/09/1994
3277;14/11/2017
3278;06/11/2007
3279;11/09/2000
3280;14/06/2015
3281;01/10/1982
3282;15/01/2022
3283;04/07/2022
3284;02/04/1988
3285;09/07/2022
3286;02/07/2004
3287;11/01/2002
3288;09/03/1986
3289;14/08/1992
3290;14/04/2001
3291;08/07/1990
3292;09/10/1980
3293;07/02/2017
3294;10/09/1989
3295;10/12/1988
3296;14/11/1981
3297;01/07/1983
3298;05/01/2024
3299;01/02/2005
3300;08/01/2011
3301;11/12/1986
3302;11/01/1988
3303;06/08/2011
3304;03/05/1980
3305;05/08/2006
3306;04/07/2011
3307;12/11/1987
3308;01/01/1992
3309;09/07/1980
3310;01/05/1997
3311;05/02/1990
3312;15/09/1999
3313;14/08/2021
3314;09/03/1983
3315;01/12/1995
3316;09/03/2012
3317;14/06/1994
3318;10/09/1993
3319;07/03/2009
3320;15/05/1981
3321;04/06/1980
3322;10/06/2012
3323;05/12/1980
3324;09/11/2008
3325;13/02/2002
3326;12/03/2006
3327;12/10/2024
3328;07/08/1998
3329;05/03/1983
3330;11/05/2020
3331;14/11/1987
3332;10/03/1983
3333;02/10/2008
3334;02/03/2004
3335;01/01/2007
3336;12/02/1998
3337;06/03/1983
3338;14/09/2014
3339;01/06/1997
3340;03/03/2007
3341;09/11/2018
3342;12/08/1980
3343;05/07/2007
3344;03/08/1980
3345;03/09/1981
3346;08/05/2005
3347;12/11/1990
3348;01/08/1983
3349;02/07/1994
3350;01/02/1988
3351;14/07/1992
3352;10/01/2006
3353;04/01/2018
3354;03/11/2022
3355;13/05/1992
3356;14/07/1983
3357;03/12/2014
3358;11/02/1985
3359;03/08/1991
3360;04/08/2002
3361;05/07/1990
3362;05/01/2021
3363;03/11/2021
3364;12/03/2004
3365;12/09/1985
3366;01/12/1993
3367;07/09/2007
3368;05/08/2022
3369;12/01/1988
3370;07/06/2017
3371;03/06/2004
3372;05/12/2019
3373;12/01/2023
3374;12/03/1989
3375;14/09/2023
3376;11/09/2016
3377;15/07/2011
3378;05/06/1990
3379;04/04/2009
3380;10/10/2024
3381;05/10/1999
3382;09/03/1986
3383;13/09/2000
3384;02/02/2005
3385;12/06/2005
3386;12/12/2019
3387;13/04/1998
3388;15/07/2002
3389;06/06/1980
3390;12/10/1983
3391;07/08/2018
3392;02/10/1998
3393;05/03/2009
3394;12/03/1989
3395;11/06/1987
3396;13/09/2019
3397;08/05/2013
3398;13/04/2014
3399;12/09/2021
3400;03/03/1991
3401;14/04/1991
3402;06/09/2016
3403;04/07/2005
3404;12/11/1994
3405;02/08/1983
3406;07/09/2009
3407;09/12/2005
3408;05/01/2018
3409;05/03/2008
3410;04/11/2021
3411;04/02/2015
3412;11/02/2022
3413;15/04/2000
3414;02/01/2018
3415;05/04/1985
3416;02/03/2002
3417;15/01/2004
3418;08/05/1984
3419;01/11/2020
3420;11/07/1993
3421;10/08/1990
3422;15/07/2021
3423;04/08/2013
3424;15/07/1994
3425;11/06/2012
3426;02/11/1982
3427;09/02/1986
3428;03/02/2010
3429;08/07/1987
3430;04/11/1981
3431;04/10/2004
3432;07/05/1983
3433;08/11/2016
3434;09/04/2023
3435;13/05/2015
3436;10/10/1987
3437;02/04/2023
3438;08/07/2019
3439;10/01/2010
3440;10/02/2010
3441;02/12/1995
3442;02/01/1994
3443;06/07/2004
3444;08/02/2006
3445;13/09/2010
3446;06/10/2004
3447;08/05/1990
3448;09/09/2000
3449;03/01/1992
3450;09/05/1987
3451;04/12/2003
3452;07/04/2005
3453;09/08/1987
3454;11/05/1991
3455;12/05/1986
3456;06/07/1988
3457;04/11/2008
3458;13/08/1985
3459;05/05/1992
3460;14/04/1995
3461;12/07/1980
3462;11/02/2022
3463;13/11/2024
3464;01/08/1981
3465;08/11/1994
3466;02/12/2023
3467;15/03/1998
3468;06/11/1980
3469;05/11/2013
3470;14/07/2010
3471;04/11/1990
3472;03/05/1991
3473;10/12/1998
3474;11/06/1989
3475;09/06/2000
3476;03/10/2019
3477;13/01/2020
3478;06/04/1983
3479;12/05/2005
3480;04/02/1991
3481;01/10/2018
3482;03/11/1997
3483;15/11/1992
3484;11/04/1996
3485;02/06/2017
3486;13/05/1992
3487;15/06/2017
3488;15/10/1985
3489;04/06/1991
3490;01/10/1984
3491;07/05/1988
3492;06/03/1988
3493;15/03/2008
3494;01/06/1991
3495;14/05/1983
3496;10/07/1995
3497;03/09/2020
3498;04/06/1980
3499;02/06/2009
3500;08/04/2011
3501;06/05/1994
3502;15/02/1990
3503;08/01/1983
3504;14/07/2010
3505;10/10/2005
3506;15/06/2016
3507;05/08/1980
3508;12/08/1995
3509;10/02/2000
3510;03/12/1993
3511;13/03/2015
3512;15/03/1988
3513;07/06/2020
3514;05/07/1980
3515;10/03/1998
3516;01/08/2011
3517;13/12/2010
3518;14/05/1990
3519;11/03/2010
3520;06/07/2020
3521;15/02/1991
3522;08/10/1980
3523;11/10/1994
3524;07/02/2013
3525;03/06/2003
3526;11/01/2002
3527;07/03/2010
3528;01/06/1994
3529;05/06/2000
3530;09/03/2003
3531;09/12/2004
3532;14/05/1991
3533;06/08/1986
3534;11/04/1986
3535;04/04/2018
3536;13/02/1999
3537;14/03/1997
3538;13/06/2018
3539;15/07/1982
3540;11/10/1996
3541;04/01/2018
3542;07/04/1980
3543;13/06/1984
3544;08/04/2016
3545;05/09/2023
3546;13/12/2023
3547;12/02/2002
3548;05/02/1980
3549;02/12/1991
3550;02/07/2020
3551;08/11/2000
3552;05/01/2005
3553;04/06/2007
3554;13/11/1995
3555;14/12/2002
3556;08/01/1988
3557;13/12/2022
3558;14/11/2003
3559;11/01/1986
3560;04/07/2004
3561;02/08/1998
3562;11/07/1999
3563;09/06/2015
3564;14/05/1993
3565;11/04/2004
3566;13/07/1981
3567;13/10/1993
3568;10/09/1981
3569;09/09/1989
3570;07/09/1984
3571;02/02/1981
3572;13/11/1997
3573;03/07/1998
3574;07/10/2015
3575;04/09/2008
3576;07/01/2013
3577;12/09/2008
3578;14/08/2023
3579;15/01/1999
3580;13/04/1987
3581;13/03/1999
3582;07/02/2000
3583;12/09/1998
3584;05/07/1982
3585;13/04/2021
3586;05/11/2006
3587;02/10/1996
3588;14/05/1983
3589;03/06/1994
3590;04/06/1989
3591;10/08/1992
3592;05/02/2016
3593;11/10/2001
3594;07/08/1994
3595;05/08/2008
3596;04/05/1993
3597;04/08/1998
3598;01/08/2011
3599;03/10/1981
3600;04/11/2024
3601;01/10/2010
3602;08/01/1984
3603;09/02/1994
3604;15/01/2020
3605;09/06/1983
3606;14/12/1986
3607;10/03/1985
3608;07/05/2006
3609;01/01/1984
3610;01/03/1987
3611;02/07/1987
3612;01/08/1999
3613;15/11/1995
3614;03/04/2006
3615;01/09/1981
3616;02/04/1993
3617;04/06/1994
3618;08/08/2009
3619;06/06/1990
3620;07/05/2022
3621;12/12/1988
3622;15/09/2012
3623;04/11/1987
3624;12/01/1990
3625;04/12/2004
3626;03/07/2011
3627;09/10/2020
3628;14/02/2005
3629;15/08/2023
3630;13/10/1998
3631;01/09/1996
3632;06/10/2019
3633;01/09/2012
3634;08/02/2007
3635;15/04/2000
3636;03/07/2011
3637;12/09/1987
3638;06/06/2003
3639;07/09/2019
3640;07/03/2011
3641;07/10/1993
3642;08/06/1996
3643;14/10/2005
3644;08/09/1999
3645;12/08/2024
3646;05/02/1983
3647;05/05/2000
3648;05/04/1985
3649;05/02/1996
3650;14/08/1980
3651;05/05/1982
3652;09/11/1989
3653;04/12/2009
3654;02/06/2012
3655;03/10/1994
3656;11/02/2011
3657;01/11/2013
3658;04/01/2020
3659;09/06/2008
3660;14/09/2024
3661;04/11/1992
3662;06/07/1995
3663;09/08/1986
3664;01/10/2015
3665;04/11/2010
3666;08/02/2021
3667;02/03/1982
3668;07/10/1990
3669;05/11/2000
3670;03/02/2000
3671;06/12/1999
3672;03/10/1985
3673;13/09/2001
3674;15/08/1984
3675;03/11/1999
3676;04/01/2013
3677;10/02/1980
3678;03/01/1982
3679;09/11/2024
3680;10/05/2002
3681;08/06/2012
3682;03/11/1999
3683;03/03/2010
3684;12/05/2018
3685;02/10/1994
3686;13/01/1996
3687;12/12/2000
3688;08/12/2024
3689;10/09/2004
3690;10/09/1984
3691;09/10/2009
3692;12/10/1981
3693;07/03/1986
3694;03/12/2023
3695;02/09/1988
3696;14/10/2010
3697;11/05/1988
3698;05/11/1980
3699;15/11/2002
3700;11/09/1984
3701;04/05/1989
3702;09/03/2015
3703;14/06/2012
3704;11/03/2003
3705;09/12/1995
3706;14/10/2024
3707;07/07/2014
3708;05/08/2023
3709;10/12/2013
3710;08/03/2021
3711;08/07/1985
3712;05/06/2001
3713;14/03/2004
3714;08/07/2024
3715;03/02/1991
3716;01/06/1985
3717;05/06/1980
3718;12/12/1988
3719;12/06/2003
3720;13/03/1992
3721;15/12/2010
3722;12/02/1999
3723;15/06/2005
3724;05/07/2023
3725;14/06/1981
3726;12/10/1989
3727;15/08/2014
3728;09/05/1982
3729;07/01/1984
3730;14/10/1997
3731;10/12/2002
3732;15/04/2006
3733;10/05/2002
3734;01/10/2017
3735;03/09/1987
3736;01/03/2000
3737;07/01/2019
3738;03/10/2022
3739;02/03/2018
3740;13/07/1998
3741;09/04/1995
3742;03/04/2011
3743;08/12/2024
3744;08/01/2018
3745;03/12/2010
3746;12/01/1994
3747;09/05/2013
3748;15/05/1990
3749;14/04/1992
3750;09/08/2020
3751;15/11/1991
3752;04/09/1981
3753;05/09/1998
3754;08/09/1988
3755;12/05/1998
3756;13/01/1994
3757;09/07/2005
3758;08/10/2005
3759;07/03/2012
3760;01/03/1983
3761;02/04/1994
3762;09/03/2020
3763;05/02/2004
3764;11/04/1998
3765;05/01/1997
3766;11/10/1980
3767;15/01/1994
3768;11/02/1997
3769;05/04/2023
3770;06/01/1984
3771;06/12/2007
3772;15/01/2004
3773;06/03/2006
3774;10/06/2019
3775;08/04/1995
3776;05/08/2010
3777;15/08/2023
3778;04/11/2018
3779;08/04/1992
3780;09/04/2011
3781;01/06/2007
3782;14/01/2019
3783;11/11/1989
3784;10/03/2011
3785;03/12/2005
3786;13/08/1990
3787;07/10/1998
3788;03/03/2022
3789;08/03/1986
3790;09/05/2005
3791;03/07/2000
3792;08/04/2024
3793;10/02/1994
3794;01/05/1994
3795;15/05/2020
3796;05/08/1988
3797;15/09/1993
3798;09/02/1988
3799;07/05/2008
3800;01/01/2010
3801;10/02/2004
3802;07/02/1996
3803;03/01/1994
3804;11/04/2006
3805;01/09/1988
3806;11/03/2003
3807;06/10/1994
3808;02/09/1997
3809;14/03/2018
3810;11/03/2000
3811;08/10/2022
3812;12/03/2018
3813;11/09/2005
3814;12/01/2015
3815;10/02/1986
3816;04/03/2004
3817;11/04/1997
3818;03/12/1982
3819;06/07/1999
3820;03/10/1992
3821;08/01/1989
3822;01/10/2007
3823;06/09/1999
3824;06/02/1980
3825;01/02/2009
3826;04/11/1985
3827;06/06/1992
3828;14/12/2019
3829;10/06/2003
3830;09/02/1992
3831;13/11/1994
3832;08/09/2021
3833;06/04/1984
3834;11/08/2006
3835;07/10/1995
3836;15/03/2020
3837;07/01/2003
3838;02/06/2023
3839;08/02/1989
3840;11/05/1989
3841;06/06/1997
3842;02/01/1984
3843;15/11/2017
3844;08/12/1993
3845;12/04/1996
3846;11/06/2021
3847;12/06/2022
3848;11/09/2004
3849;12/04/2024
3850;10/03/1993
3851;02/12/1992
3852;10/02/2020
3853;09/11/2011
3854;07/02/1999
3855;02/06/2001
3856;09/01/2016
3857;14/11/2004
3858;06/12/1987
3859;02/12/2018
3860;06/04/2014
3861;05/09/1981
3862;14/11/1985
3863;12/12/2022
3864;05/01/1990
3865;07/01/1996
3866;03/09/1988
3867;01/03/2001
3868;10/01/1993
3869;06/02/1988
3870;11/08/2013
3871;03/10/2000
3872;09/05/2005
3873;06/02/1998
3874;08/02/2018
3875;15/05/1994
3876;11/12/1989
3877;11/07/2016
3878;14/08/2003
3879;04/04/1980
3880;08/08/1994
3881;14/06/1981
3882;11/02/2010
3883;04/02/2000
3884;15/04/1999
3885;14/06/2013
3886;04/10/2021
3887;03/10/1989
3888;15/03/2000
3889;02/03/2017
3890;15/08/2006
3891;02/09/2010
3892;05/08/2020
3893;04/07/1983
3894;07/05/1995
3895;05/06/1982
3896;02/01/1993
3897;02/09/2007
3898;08/02/1997
3899;09/12/2010
3900;11/08/2019
3901;09/02/2013
3902;12/01/1985
3903;11/11/2020
3904;11/12/1983
3905;13/12/1992
3906;08/06/2012
3907;08/08/1998
3908;14/05/2020
3909;08/04/2024
3910;08/02/1995
3911;01/05/2017
3912;13/06/2001
3913;14/06/1993
3914;13/12/2005
3915;06/02/2022
3916;06/11/1997
3917;08/03/1988
3918;09/01/2001
3919;14/07/2005
3920;07/04/2020
3921;12/12/1980
3922;09/09/1996
3923;09/04/2019
3924;03/07/1981
3925;15/12/1998
3926;12/02/2001
3927;09/08/2024
3928;01/09/1994
3929;10/06/2010
3930;03/12/1999
3931;03/05/2018
3932;03/09/2005
3933;06/08/2009
3934;04/11/2014
3935;06/05/2000
3936;09/01/2007
3937;12/04/2024
3938;15/07/1986
3939;03/06/1982
3940;14/02/2023
3941;10/06/1988
3942;09/08/2009
3943;02/05/1985
3944;05/05/2002
3945;04/02/2024
3946;02/09/2024
3947;07/06/2009
3948;08/02/1992
3949;05/08/2017
3950;06/12/1990
3951;13/11/1990
3952;03/12/1999
3953;03/03/1986
3954;12/02/1983
3955;06/11/1992
3956;02/08/2019
3957;05/05/2022
3958;06/09/1986
3959;02/10/1996
3960;08/05/2008
3961;05/10/1982
3962;10/04/2015
3963;06/05/1982
3964;07/12/1984
3965;12/10/2017
3966;09/01/2018
3967;04/09/1991
3968;01/08/1990
3969;04/02/1990
3970;04/07/1986
3971;11/03/1991
3972;15/04/2014
3973;05/07/1981
3974;09/09/1986
3975;08/10/1981
3976;03/08/2003
3977;05/07/1986
3978;06/12/2018
3979;13/01/1998
3980;03/07/2005
3981;03/01/1995
3982;12/08/1989
3983;01/10/1998
3984;07/10/2013
3985;12/10/2014
3986;04/08/2002
3987;06/07/1996
3988;12/02/2022
3989;01/07/2014
3990;08/06/2023
3991;02/11/1990
3992;08/11/2014
3993;09/08/2002
3994;04/03/2020
3995;14/11/1984
3996;06/06/1987
3997;13/09/1999
3998;13/06/1984
3999;01/06/2006
4000;08/04/2014
4001;10/09/1997
4002;08/11/2011
4003;14/06/1997
4004;13/09/2022
4005;02/12/1982
4006;11/08/2008
4007;15/09/2018
4008;02/08/2016
4009;06/11/1995
4010;05/11/2005
4011;08/09/2020
4012;14/06/1988
4013;14/05/1990
4014;03/10/1991
4015;13/09/1982
4016;15/12/2022
4017;06/02/1990
4018;06/05/2019
4019;09/12/1999
4020;08/06/2001
4021;02/02/1995
4022;12/03/2022
4023;10/01/2021
4024;10/02/2007
4025;15/02/1988
4026;10/11/1994
4027;09/02/2007
4028;07/11/2009
4029;15/08/1985
4030;01/09/1993
4031;12/06/2022
4032;13/12/1994
4033;13/05/1997
4034;09/06/2022
4035;09/10/2007
4036;12/06/1996
4037;03/03/1985
4038;01/12/2017
4039;06/01/2022
4040;14/04/1991
4041;02/09/2002
4042;04/09/1983
4043;12/01/2014
4044;03/06/1995
4045;02/08/1982
4046;13/10/2005
4047;06/07/2011
4048;11/04/2005
4049;04/01/2019
4050;11/02/1984
4051;04/09/2018
4052;09/01/2002
4053;05/04/2016
4054;12/04/1985
4055;05/06/1985
4056;02/09/1994
4057;10/08/2017
4058;09/06/2012
4059;13/06/2015
4060;02/03/1996
4061;02/07/1985
4062;01/07/1996
4063;03/08/2010
4064;06/05/1994
4065;06/10/2021
4066;15/11/2021
4067;08/10/2023
4068;01/10/2019
4069;15/11/1983
4070;09/06/2007
4071;06/11/2007
4072;09/07/2013
4073;03/12/2016
4074;13/05/1986
4075;09/07/1993
4076;07/08/1985
4077;15/03/1986
4078;01/12/2011
4079;10/12/1991
4080;01/04/2006
4081;15/04/1981
4082;14/09/2018
4083;04/08/1980
4084;14/12/1994
4085;10/12/1999
4086;11/11/2001
4087;15/10/1984
4088;06/03/1994
4089;03/07/1990
4090;11/03/1995
4091;13/11/1981
4092;13/05/2011
4093;14/06/2015
4094;10/07/2005
4095;09/04/2011
4096;13/12/1991
4097;07/04/1983
4098;07/01/2024
4099;07/04/2000
4100;05/06/1996
4101;13/03/2022
4102;07/05/1997
4103;08/06/1980
4104;10/03/2019
4105;09/09/1984
4106;08/11/1990
4107;08/11/2009
4108;12/05/2022
4109;12/04/1988
4110;08/01/1984
4111;05/12/2014
4112;01/03/1985
4113;10/12/1998
4114;01/05/1988
4115;12/08/2021
4116;03/08/1980
4117;15/12/1981
4118;11/07/2008
4119;13/06/2023
4120;03/05/2003
4121;01/02/2005
4122;12/10/2018
4123;01/02/1980
4124;13/09/2012
4125;07/01/2011
4126;09/02/1992
4127;10/08/2005
4128;01/10/1991
4129;13/12/1996
4130;02/10/1997
4131;13/02/1990
4132;11/09/1989
